mc_year,annual_avoidance_count,annual_avoidance_cost_cny
0,16207,324140000.0
1,16164,323280000.0
2,16203,324060000.0
3,16263,325260000.0
4,16286,325720000.0
5,16070,321400000.0
6,16245,324900000.0
7,16265,325300000.0
8,15895,317900000.0
9,16157,323140000.0
10,16116,322320000.0
11,16316,326320000.0
12,16094,321880000.0
13,16129,322580000.0
14,16006,320120000.0
15,16183,323660000.0
16,16389,327780000.0
17,16054,321080000.0
18,16086,321720000.0
19,15956,319120000.0
20,16001,320020000.0
21,16402,328040000.0
22,16356,327120000.0
23,16150,323000000.0
24,16074,321480000.0
25,16254,325080000.0
26,16233,324660000.0
27,16118,322360000.0
28,16031,320620000.0
29,16118,322360000.0
30,16229,324580000.0
31,16426,328520000.0
32,16195,323900000.0
33,16110,322200000.0
34,15993,319860000.0
35,16395,327900000.0
36,16267,325340000.0
37,16066,321320000.0
38,16178,323560000.0
39,16150,323000000.0
40,16147,322940000.0
41,15951,319020000.0
42,16199,323980000.0
43,16226,324520000.0
44,16353,327060000.0
45,16136,322720000.0
46,16298,325960000.0
47,16167,323340000.0
48,16290,325800000.0
49,15988,319760000.0
50,16267,325340000.0
51,16179,323580000.0
52,16066,321320000.0
53,16054,321080000.0
54,16185,323700000.0
55,16176,323520000.0
56,16054,321080000.0
57,16305,326100000.0
58,15909,318180000.0
59,16175,323500000.0
60,15913,318260000.0
61,16142,322840000.0
62,16242,324840000.0
63,16206,324120000.0
64,16104,322080000.0
65,16320,326400000.0
66,16033,320660000.0
67,16038,320760000.0
68,16418,328360000.0
69,16175,323500000.0
70,16168,323360000.0
71,16008,320160000.0
72,16260,325200000.0
73,16229,324580000.0
74,16128,322560000.0
75,16100,322000000.0
76,16212,324240000.0
77,16077,321540000.0
78,15973,319460000.0
79,16176,323520000.0
80,16279,325580000.0
81,16003,320060000.0
82,16227,324540000.0
83,16177,323540000.0
84,16105,322100000.0
85,16194,323880000.0
86,16288,325760000.0
87,16291,325820000.0
88,16241,324820000.0
89,16114,322280000.0
90,16526,330520000.0
91,15977,319540000.0
92,16061,321220000.0
93,16122,322440000.0
94,16274,325480000.0
95,16347,326940000.0
96,16170,323400000.0
97,16143,322860000.0
98,16104,322080000.0
99,16018,320360000.0
100,16227,324540000.0
101,16213,324260000.0
102,16146,322920000.0
103,16278,325560000.0
104,16060,321200000.0
105,15992,319840000.0
106,16306,326120000.0
107,16088,321760000.0
108,16008,320160000.0
109,16105,322100000.0
110,16324,326480000.0
111,16276,325520000.0
112,16247,324940000.0
113,16055,321100000.0
114,16249,324980000.0
115,16053,321060000.0
116,15997,319940000.0
117,16250,325000000.0
118,16092,321840000.0
119,16424,328480000.0
120,16087,321740000.0
121,16035,320700000.0
122,16189,323780000.0
123,16060,321200000.0
124,16093,321860000.0
125,16033,320660000.0
126,16207,324140000.0
127,16161,323220000.0
128,16209,324180000.0
129,16201,324020000.0
130,16011,320220000.0
131,16482,329640000.0
132,16027,320540000.0
133,16367,327340000.0
134,16215,324300000.0
135,16221,324420000.0
136,16275,325500000.0
137,16093,321860000.0
138,16178,323560000.0
139,15934,318680000.0
140,16008,320160000.0
141,16232,324640000.0
142,16256,325120000.0
143,16400,328000000.0
144,16202,324040000.0
145,16237,324740000.0
146,16415,328300000.0
147,16313,326260000.0
148,16288,325760000.0
149,16112,322240000.0
150,16082,321640000.0
151,16252,325040000.0
152,15885,317700000.0
153,16279,325580000.0
154,16110,322200000.0
155,16351,327020000.0
156,16205,324100000.0
157,16216,324320000.0
158,16293,325860000.0
159,15866,317320000.0
160,16025,320500000.0
161,16272,325440000.0
162,16250,325000000.0
163,16059,321180000.0
164,16118,322360000.0
165,16176,323520000.0
166,16138,322760000.0
167,16055,321100000.0
168,16307,326140000.0
169,16187,323740000.0
170,16029,320580000.0
171,16181,323620000.0
172,16338,326760000.0
173,16078,321560000.0
174,16061,321220000.0
175,15930,318600000.0
176,16188,323760000.0
177,16206,324120000.0
178,15894,317880000.0
179,15945,318900000.0
180,16045,320900000.0
181,16116,322320000.0
182,16060,321200000.0
183,16161,323220000.0
184,16233,324660000.0
185,16270,325400000.0
186,16030,320600000.0
187,16170,323400000.0
188,16076,321520000.0
189,16227,324540000.0
190,16000,320000000.0
191,16256,325120000.0
192,16237,324740000.0
193,16226,324520000.0
194,16130,322600000.0
195,16042,320840000.0
196,16200,324000000.0
197,16347,326940000.0
198,16098,321960000.0
199,16131,322620000.0
200,16066,321320000.0
201,15991,319820000.0
202,16180,323600000.0
203,16141,322820000.0
204,16000,320000000.0
205,16074,321480000.0
206,16212,324240000.0
207,16391,327820000.0
208,15886,317720000.0
209,16443,328860000.0
210,16086,321720000.0
211,16142,322840000.0
212,16368,327360000.0
213,16190,323800000.0
214,16189,323780000.0
215,16071,321420000.0
216,16199,323980000.0
217,16205,324100000.0
218,16279,325580000.0
219,16051,321020000.0
220,16017,320340000.0
221,16146,322920000.0
222,16061,321220000.0
223,16269,325380000.0
224,16281,325620000.0
225,16020,320400000.0
226,16337,326740000.0
227,16273,325460000.0
228,16054,321080000.0
229,16070,321400000.0
230,16128,322560000.0
231,15971,319420000.0
232,16342,326840000.0
233,16348,326960000.0
234,16296,325920000.0
235,16257,325140000.0
236,16058,321160000.0
237,16028,320560000.0
238,16008,320160000.0
239,16274,325480000.0
240,16390,327800000.0
241,16340,326800000.0
242,16137,322740000.0
243,16346,326920000.0
244,16300,326000000.0
245,16055,321100000.0
246,16140,322800000.0
247,16096,321920000.0
248,15893,317860000.0
249,16344,326880000.0
250,16243,324860000.0
251,16281,325620000.0
252,16259,325180000.0
253,16092,321840000.0
254,16245,324900000.0
255,16354,327080000.0
256,16197,323940000.0
257,15955,319100000.0
258,15997,319940000.0
259,16225,324500000.0
260,16079,321580000.0
261,16153,323060000.0
262,16099,321980000.0
263,16160,323200000.0
264,16578,331560000.0
265,16104,322080000.0
266,15976,319520000.0
267,16105,322100000.0
268,16347,326940000.0
269,16066,321320000.0
270,16088,321760000.0
271,16280,325600000.0
272,16299,325980000.0
273,16105,322100000.0
274,15985,319700000.0
275,16067,321340000.0
276,16127,322540000.0
277,16109,322180000.0
278,16182,323640000.0
279,16122,322440000.0
280,16177,323540000.0
281,16248,324960000.0
282,16172,323440000.0
283,16158,323160000.0
284,16134,322680000.0
285,16058,321160000.0
286,15799,315980000.0
287,16101,322020000.0
288,16066,321320000.0
289,16303,326060000.0
290,16097,321940000.0
291,16325,326500000.0
292,16461,329220000.0
293,16206,324120000.0
294,16254,325080000.0
295,16334,326680000.0
296,16125,322500000.0
297,15922,318440000.0
298,16153,323060000.0
299,16129,322580000.0
300,16159,323180000.0
301,16041,320820000.0
302,16173,323460000.0
303,16097,321940000.0
304,16267,325340000.0
305,16009,320180000.0
306,15982,319640000.0
307,16381,327620000.0
308,16266,325320000.0
309,16247,324940000.0
310,16292,325840000.0
311,16063,321260000.0
312,16325,326500000.0
313,16169,323380000.0
314,16175,323500000.0
315,16246,324920000.0
316,16075,321500000.0
317,16008,320160000.0
318,16124,322480000.0
319,16081,321620000.0
320,16144,322880000.0
321,16151,323020000.0
322,16323,326460000.0
323,16158,323160000.0
324,16315,326300000.0
325,16292,325840000.0
326,16252,325040000.0
327,15916,318320000.0
328,16083,321660000.0
329,16150,323000000.0
330,16220,324400000.0
331,16239,324780000.0
332,16305,326100000.0
333,16045,320900000.0
334,16154,323080000.0
335,16151,323020000.0
336,16116,322320000.0
337,16168,323360000.0
338,16159,323180000.0
339,16418,328360000.0
340,16217,324340000.0
341,16292,325840000.0
342,16087,321740000.0
343,15947,318940000.0
344,16087,321740000.0
345,16220,324400000.0
346,16296,325920000.0
347,16163,323260000.0
348,16126,322520000.0
349,15969,319380000.0
350,16217,324340000.0
351,16229,324580000.0
352,16265,325300000.0
353,16235,324700000.0
354,16240,324800000.0
355,16164,323280000.0
356,16270,325400000.0
357,16056,321120000.0
358,16327,326540000.0
359,15824,316480000.0
360,16047,320940000.0
361,16200,324000000.0
362,15955,319100000.0
363,16120,322400000.0
364,16237,324740000.0
365,16296,325920000.0
366,16013,320260000.0
367,16115,322300000.0
368,16155,323100000.0
369,16155,323100000.0
370,16240,324800000.0
371,16167,323340000.0
372,16234,324680000.0
373,16104,322080000.0
374,15869,317380000.0
375,16024,320480000.0
376,16212,324240000.0
377,16035,320700000.0
378,16297,325940000.0
379,16051,321020000.0
380,16190,323800000.0
381,16019,320380000.0
382,16366,327320000.0
383,16327,326540000.0
384,16021,320420000.0
385,16042,320840000.0
386,16262,325240000.0
387,15985,319700000.0
388,16061,321220000.0
389,16005,320100000.0
390,16074,321480000.0
391,16272,325440000.0
392,16259,325180000.0
393,16266,325320000.0
394,16113,322260000.0
395,16006,320120000.0
396,16070,321400000.0
397,16118,322360000.0
398,16212,324240000.0
399,16194,323880000.0
400,16161,323220000.0
401,16192,323840000.0
402,16099,321980000.0
403,15979,319580000.0
404,16122,322440000.0
405,16223,324460000.0
406,16069,321380000.0
407,16222,324440000.0
408,16026,320520000.0
409,16248,324960000.0
410,16240,324800000.0
411,16028,320560000.0
412,16273,325460000.0
413,16356,327120000.0
414,16188,323760000.0
415,16197,323940000.0
416,16296,325920000.0
417,16201,324020000.0
418,16019,320380000.0
419,16375,327500000.0
420,16453,329060000.0
421,16072,321440000.0
422,16079,321580000.0
423,16089,321780000.0
424,16115,322300000.0
425,16128,322560000.0
426,16158,323160000.0
427,16200,324000000.0
428,16158,323160000.0
429,16060,321200000.0
430,16131,322620000.0
431,15928,318560000.0
432,15964,319280000.0
433,16172,323440000.0
434,16058,321160000.0
435,16115,322300000.0
436,16150,323000000.0
437,16137,322740000.0
438,16204,324080000.0
439,16484,329680000.0
440,16050,321000000.0
441,16331,326620000.0
442,16119,322380000.0
443,16116,322320000.0
444,16231,324620000.0
445,15971,319420000.0
446,16117,322340000.0
447,16299,325980000.0
448,16263,325260000.0
449,16017,320340000.0
450,16195,323900000.0
451,16230,324600000.0
452,16249,324980000.0
453,16151,323020000.0
454,16183,323660000.0
455,16366,327320000.0
456,16262,325240000.0
457,15982,319640000.0
458,16236,324720000.0
459,16120,322400000.0
460,16118,322360000.0
461,16220,324400000.0
462,16054,321080000.0
463,16011,320220000.0
464,16120,322400000.0
465,16096,321920000.0
466,16143,322860000.0
467,16101,322020000.0
468,16143,322860000.0
469,16284,325680000.0
470,16093,321860000.0
471,16132,322640000.0
472,16143,322860000.0
473,16225,324500000.0
474,16413,328260000.0
475,16138,322760000.0
476,16111,322220000.0
477,16197,323940000.0
478,16126,322520000.0
479,16152,323040000.0
480,16302,326040000.0
481,16357,327140000.0
482,15739,314780000.0
483,16093,321860000.0
484,16052,321040000.0
485,16237,324740000.0
486,16083,321660000.0
487,16105,322100000.0
488,16094,321880000.0
489,16326,326520000.0
490,16534,330680000.0
491,16089,321780000.0
492,16187,323740000.0
493,16033,320660000.0
494,15915,318300000.0
495,16333,326660000.0
496,16191,323820000.0
497,16142,322840000.0
498,16084,321680000.0
499,16055,321100000.0
500,16348,326960000.0
501,16266,325320000.0
502,16230,324600000.0
503,16175,323500000.0
504,16273,325460000.0
505,16344,326880000.0
506,16283,325660000.0
507,15987,319740000.0
508,16034,320680000.0
509,16136,322720000.0
510,15893,317860000.0
511,16124,322480000.0
512,16034,320680000.0
513,16140,322800000.0
514,15960,319200000.0
515,16127,322540000.0
516,16302,326040000.0
517,16178,323560000.0
518,16123,322460000.0
519,16102,322040000.0
520,16065,321300000.0
521,16074,321480000.0
522,16008,320160000.0
523,16376,327520000.0
524,16245,324900000.0
525,16308,326160000.0
526,16200,324000000.0
527,15896,317920000.0
528,16155,323100000.0
529,16071,321420000.0
530,16154,323080000.0
531,16476,329520000.0
532,16326,326520000.0
533,16166,323320000.0
534,16312,326240000.0
535,15952,319040000.0
536,16193,323860000.0
537,16170,323400000.0
538,16242,324840000.0
539,16050,321000000.0
540,16117,322340000.0
541,16100,322000000.0
542,16069,321380000.0
543,16199,323980000.0
544,16300,326000000.0
545,16128,322560000.0
546,16248,324960000.0
547,16286,325720000.0
548,16166,323320000.0
549,16217,324340000.0
550,16064,321280000.0
551,16058,321160000.0
552,16135,322700000.0
553,16205,324100000.0
554,16122,322440000.0
555,16331,326620000.0
556,15976,319520000.0
557,16446,328920000.0
558,15959,319180000.0
559,16101,322020000.0
560,16085,321700000.0
561,16114,322280000.0
562,16192,323840000.0
563,16113,322260000.0
564,16194,323880000.0
565,15977,319540000.0
566,16264,325280000.0
567,16280,325600000.0
568,16165,323300000.0
569,16473,329460000.0
570,16033,320660000.0
571,16122,322440000.0
572,15923,318460000.0
573,16078,321560000.0
574,16158,323160000.0
575,16063,321260000.0
576,16061,321220000.0
577,16139,322780000.0
578,16297,325940000.0
579,16142,322840000.0
580,16049,320980000.0
581,16273,325460000.0
582,16088,321760000.0
583,16263,325260000.0
584,16122,322440000.0
585,16111,322220000.0
586,16087,321740000.0
587,16295,325900000.0
588,16227,324540000.0
589,16026,320520000.0
590,16309,326180000.0
591,16162,323240000.0
592,16205,324100000.0
593,16244,324880000.0
594,16320,326400000.0
595,16203,324060000.0
596,16026,320520000.0
597,16356,327120000.0
598,16429,328580000.0
599,16234,324680000.0
600,15998,319960000.0
601,16159,323180000.0
602,16332,326640000.0
603,16096,321920000.0
604,16135,322700000.0
605,16257,325140000.0
606,16277,325540000.0
607,16297,325940000.0
608,15978,319560000.0
609,15876,317520000.0
610,16138,322760000.0
611,16201,324020000.0
612,16126,322520000.0
613,16369,327380000.0
614,16133,322660000.0
615,16173,323460000.0
616,16420,328400000.0
617,16262,325240000.0
618,15896,317920000.0
619,16222,324440000.0
620,16310,326200000.0
621,16159,323180000.0
622,15874,317480000.0
623,16163,323260000.0
624,16101,322020000.0
625,16139,322780000.0
626,15812,316240000.0
627,16191,323820000.0
628,16313,326260000.0
629,16036,320720000.0
630,16062,321240000.0
631,16096,321920000.0
632,16065,321300000.0
633,16167,323340000.0
634,16060,321200000.0
635,15832,316640000.0
636,16256,325120000.0
637,16319,326380000.0
638,16269,325380000.0
639,16046,320920000.0
640,16140,322800000.0
641,16219,324380000.0
642,16204,324080000.0
643,16438,328760000.0
644,16171,323420000.0
645,16210,324200000.0
646,15963,319260000.0
647,16274,325480000.0
648,15980,319600000.0
649,15985,319700000.0
650,16249,324980000.0
651,15866,317320000.0
652,15953,319060000.0
653,16161,323220000.0
654,16115,322300000.0
655,16370,327400000.0
656,16215,324300000.0
657,16138,322760000.0
658,16170,323400000.0
659,16005,320100000.0
660,15978,319560000.0
661,16109,322180000.0
662,16145,322900000.0
663,16245,324900000.0
664,16119,322380000.0
665,16254,325080000.0
666,16055,321100000.0
667,16289,325780000.0
668,16090,321800000.0
669,16331,326620000.0
670,16074,321480000.0
671,16362,327240000.0
672,16330,326600000.0
673,16085,321700000.0
674,16249,324980000.0
675,16421,328420000.0
676,16315,326300000.0
677,16099,321980000.0
678,16365,327300000.0
679,16200,324000000.0
680,16217,324340000.0
681,16197,323940000.0
682,16287,325740000.0
683,16186,323720000.0
684,16150,323000000.0
685,16274,325480000.0
686,16300,326000000.0
687,16085,321700000.0
688,16020,320400000.0
689,16172,323440000.0
690,16046,320920000.0
691,16035,320700000.0
692,16219,324380000.0
693,16147,322940000.0
694,16234,324680000.0
695,16067,321340000.0
696,16079,321580000.0
697,16376,327520000.0
698,16040,320800000.0
699,16185,323700000.0
700,16226,324520000.0
701,16050,321000000.0
702,16139,322780000.0
703,16210,324200000.0
704,15965,319300000.0
705,16179,323580000.0
706,16270,325400000.0
707,16169,323380000.0
708,16367,327340000.0
709,16329,326580000.0
710,16269,325380000.0
711,16097,321940000.0
712,16149,322980000.0
713,16318,326360000.0
714,16216,324320000.0
715,16022,320440000.0
716,16131,322620000.0
717,16068,321360000.0
718,16292,325840000.0
719,16050,321000000.0
720,16196,323920000.0
721,16157,323140000.0
722,16323,326460000.0
723,16103,322060000.0
724,15897,317940000.0
725,16010,320200000.0
726,16142,322840000.0
727,16194,323880000.0
728,16139,322780000.0
729,16109,322180000.0
730,16097,321940000.0
731,16096,321920000.0
732,16347,326940000.0
733,16207,324140000.0
734,16135,322700000.0
735,16327,326540000.0
736,15938,318760000.0
737,15951,319020000.0
738,16228,324560000.0
739,16131,322620000.0
740,16119,322380000.0
741,16099,321980000.0
742,16172,323440000.0
743,16162,323240000.0
744,16028,320560000.0
745,16363,327260000.0
746,16119,322380000.0
747,16088,321760000.0
748,16382,327640000.0
749,16446,328920000.0
750,16487,329740000.0
751,16167,323340000.0
752,16158,323160000.0
753,15996,319920000.0
754,16200,324000000.0
755,16295,325900000.0
756,16090,321800000.0
757,16119,322380000.0
758,16088,321760000.0
759,16322,326440000.0
760,15916,318320000.0
761,16305,326100000.0
762,15948,318960000.0
763,16191,323820000.0
764,16224,324480000.0
765,16138,322760000.0
766,16142,322840000.0
767,16397,327940000.0
768,16097,321940000.0
769,16199,323980000.0
770,16248,324960000.0
771,16078,321560000.0
772,16096,321920000.0
773,16041,320820000.0
774,16051,321020000.0
775,15999,319980000.0
776,16160,323200000.0
777,16187,323740000.0
778,16154,323080000.0
779,15947,318940000.0
780,16043,320860000.0
781,16104,322080000.0
782,16267,325340000.0
783,15993,319860000.0
784,16062,321240000.0
785,15941,318820000.0
786,16213,324260000.0
787,16159,323180000.0
788,16158,323160000.0
789,16105,322100000.0
790,16102,322040000.0
791,16162,323240000.0
792,16112,322240000.0
793,15989,319780000.0
794,16231,324620000.0
795,16215,324300000.0
796,15973,319460000.0
797,16310,326200000.0
798,16512,330240000.0
799,16280,325600000.0
800,16273,325460000.0
801,16396,327920000.0
802,16054,321080000.0
803,16030,320600000.0
804,16283,325660000.0
805,16171,323420000.0
806,16293,325860000.0
807,16242,324840000.0
808,16058,321160000.0
809,16181,323620000.0
810,16227,324540000.0
811,16017,320340000.0
812,16092,321840000.0
813,16197,323940000.0
814,16183,323660000.0
815,16308,326160000.0
816,16256,325120000.0
817,16122,322440000.0
818,16120,322400000.0
819,16147,322940000.0
820,15913,318260000.0
821,16016,320320000.0
822,16198,323960000.0
823,15990,319800000.0
824,16133,322660000.0
825,16199,323980000.0
826,16184,323680000.0
827,16135,322700000.0
828,16370,327400000.0
829,16207,324140000.0
830,16231,324620000.0
831,16209,324180000.0
832,16224,324480000.0
833,16235,324700000.0
834,15906,318120000.0
835,15942,318840000.0
836,15961,319220000.0
837,16002,320040000.0
838,16206,324120000.0
839,16052,321040000.0
840,16123,322460000.0
841,16115,322300000.0
842,16074,321480000.0
843,16277,325540000.0
844,16184,323680000.0
845,16453,329060000.0
846,16042,320840000.0
847,16170,323400000.0
848,16161,323220000.0
849,15927,318540000.0
850,16155,323100000.0
851,16140,322800000.0
852,16146,322920000.0
853,16169,323380000.0
854,16040,320800000.0
855,16046,320920000.0
856,16250,325000000.0
857,16032,320640000.0
858,16125,322500000.0
859,16286,325720000.0
860,16326,326520000.0
861,16214,324280000.0
862,16215,324300000.0
863,16190,323800000.0
864,16191,323820000.0
865,16259,325180000.0
866,15949,318980000.0
867,16347,326940000.0
868,16131,322620000.0
869,16304,326080000.0
870,16065,321300000.0
871,16339,326780000.0
872,16213,324260000.0
873,16223,324460000.0
874,16137,322740000.0
875,16250,325000000.0
876,16286,325720000.0
877,16286,325720000.0
878,16080,321600000.0
879,16098,321960000.0
880,15992,319840000.0
881,16237,324740000.0
882,16279,325580000.0
883,16180,323600000.0
884,15924,318480000.0
885,16207,324140000.0
886,16048,320960000.0
887,16110,322200000.0
888,15912,318240000.0
889,16069,321380000.0
890,16360,327200000.0
891,16330,326600000.0
892,16294,325880000.0
893,16037,320740000.0
894,16150,323000000.0
895,16085,321700000.0
896,16014,320280000.0
897,16072,321440000.0
898,16152,323040000.0
899,16177,323540000.0
900,16152,323040000.0
901,16141,322820000.0
902,16180,323600000.0
903,16193,323860000.0
904,16154,323080000.0
905,16188,323760000.0
906,16222,324440000.0
907,16081,321620000.0
908,16133,322660000.0
909,16310,326200000.0
910,15943,318860000.0
911,16174,323480000.0
912,16080,321600000.0
913,16199,323980000.0
914,16188,323760000.0
915,16116,322320000.0
916,15842,316840000.0
917,16154,323080000.0
918,16205,324100000.0
919,16213,324260000.0
920,16224,324480000.0
921,16221,324420000.0
922,16276,325520000.0
923,16256,325120000.0
924,16159,323180000.0
925,16083,321660000.0
926,15943,318860000.0
927,16108,322160000.0
928,16233,324660000.0
929,15998,319960000.0
930,16070,321400000.0
931,16167,323340000.0
932,16041,320820000.0
933,15997,319940000.0
934,16285,325700000.0
935,16174,323480000.0
936,16102,322040000.0
937,16071,321420000.0
938,16333,326660000.0
939,16226,324520000.0
940,16142,322840000.0
941,16136,322720000.0
942,16143,322860000.0
943,16211,324220000.0
944,16357,327140000.0
945,16295,325900000.0
946,16239,324780000.0
947,16192,323840000.0
948,16041,320820000.0
949,16206,324120000.0
950,16249,324980000.0
951,16062,321240000.0
952,16121,322420000.0
953,16022,320440000.0
954,16076,321520000.0
955,16103,322060000.0
956,15984,319680000.0
957,16023,320460000.0
958,16181,323620000.0
959,15930,318600000.0
960,16131,322620000.0
961,16178,323560000.0
962,16070,321400000.0
963,16301,326020000.0
964,16074,321480000.0
965,16067,321340000.0
966,15999,319980000.0
967,16037,320740000.0
968,16246,324920000.0
969,16341,326820000.0
970,16304,326080000.0
971,16043,320860000.0
972,15917,318340000.0
973,15875,317500000.0
974,16335,326700000.0
975,16224,324480000.0
976,16080,321600000.0
977,16198,323960000.0
978,16282,325640000.0
979,16425,328500000.0
980,16196,323920000.0
981,16255,325100000.0
982,16183,323660000.0
983,16021,320420000.0
984,16214,324280000.0
985,16136,322720000.0
986,16320,326400000.0
987,16293,325860000.0
988,16173,323460000.0
989,16248,324960000.0
990,16100,322000000.0
991,16312,326240000.0
992,16168,323360000.0
993,16011,320220000.0
994,16172,323440000.0
995,16094,321880000.0
996,16128,322560000.0
997,16282,325640000.0
998,16239,324780000.0
999,16135,322700000.0
