candidate_id,scheme_type,k_per_plane,extra_plane_count,ground_spare_count,candidate_seed,mc_years,mean_effective_coverage_availability,q05_effective_coverage_availability,mean_geometric_coverage_availability,mean_capacity_availability,mean_annual_avoidance_count,mean_annual_failure_count,mean_replenishment_launch_count,meets_mean_99,meets_robust_99,critical_maneuver_fraction,critical_failure_fraction,added_satellites,added_in_orbit_satellites,ground_inventory_satellites,initial_launch_count,initial_manufacturing_cost_cny,initial_launch_cost_cny,initial_cost_cny,annual_avoidance_cost_cny,annual_expected_replenishment_launch_cost_cny,annual_expected_replacement_manufacturing_cost_cny,five_year_expected_cost_cny
0,无冗余,0,0,0,312295052,1000,1.0,1.0,1.0,0.9994955860249968,16163.49,0.008,0.0,True,True,0.0,0.0,0,0,0,0,0.0,0.0,0.0,323245155.8497638,0.0,0.0,1616225779.248819
1,地面备用,0,0,1,1132668150,1000,0.999999953190394,1.0,1.0,0.9994976638962862,16166.973,0.003,0.003,True,True,0.0,0.0,1,0,1,0,5000000.0,0.0,5000000.0,323245155.8497638,600000.0,15000.0,1624300779.248819
2,地面备用,0,0,5,255694675,1000,0.9999999429223745,1.0,1.0,0.9994971264076705,16160.169,0.01,0.01,True,True,0.0,0.0,5,0,5,0,25000000.0,0.0,25000000.0,323245155.8497638,2000000.0,50000.0,1651475779.248819
3,地面备用,0,0,10,89409212,1000,0.9999999658213272,1.0,1.0,0.9994975503256217,16163.026,0.006,0.006,True,True,0.0,0.0,10,0,10,0,50000000.0,0.0,50000000.0,323245155.8497638,1200000.0,30000.0,1672375779.248819
4,地面备用,0,0,20,1738590641,1000,1.0,1.0,1.0,0.9994972882531149,16159.217,0.008,0.008,True,True,0.0,0.0,20,0,20,0,100000000.0,0.0,100000000.0,323245155.8497638,1600000.0,40000.0,1724425779.248819
5,地面备用,0,0,40,429145488,1000,0.9999999802267499,1.0,1.0,0.9994975488632551,16159.511,0.007,0.007,True,True,0.0,0.0,40,0,40,0,200000000.0,0.0,200000000.0,323245155.8497638,1400000.0,35000.0,1823400779.248819
6,地面备用,0,0,60,866919112,1000,0.9999999429223745,1.0,1.0,0.9994967752602543,16166.081,0.013,0.013,True,True,0.0,0.0,60,0,60,0,300000000.0,0.0,300000000.0,323245155.8497638,2600000.0,65000.0,1929550779.248819
7,额外轨道面,0,1,0,1970098406,1000,1.0,1.0,1.0,0.9994961238631542,16560.944,0.008,0.0,True,True,0.0,0.0,46,46,0,1,230000000.0,200000000.0,430000000.0,331326284.74600786,0.0,0.0,2086631423.7300394
8,混合方案,0,1,1,1756597796,1000,1.0,1.0,1.0,0.9994976614828859,16560.377,0.005,0.005,True,True,0.0,0.0,47,46,1,1,235000000.0,200000000.0,435000000.0,331326284.74600786,1000000.0,25000.0,2096756423.7300394
9,混合方案,0,1,5,1901732873,1000,1.0,1.0,1.0,0.9994971258739238,16562.543,0.01,0.01,True,True,0.0,0.0,51,46,5,1,255000000.0,200000000.0,455000000.0,331326284.74600786,2000000.0,50000.0,2121881423.7300394
10,混合方案,0,1,10,326978069,1000,0.9999998968500567,1.0,1.0,0.9994974301744415,16574.385,0.007,0.007,True,True,0.0,0.0,56,46,10,1,280000000.0,200000000.0,480000000.0,331326284.74600786,1400000.0,35000.0,2143806423.7300394
11,混合方案,0,1,20,969433374,1000,0.9999999739262125,1.0,1.0,0.9994968797914481,16574.059,0.011,0.011,True,True,0.0,0.0,66,46,20,1,330000000.0,200000000.0,530000000.0,331326284.74600786,2200000.0,55000.0,2197906423.7300396
12,混合方案,0,1,40,785926161,1000,1.0,1.0,1.0,0.9994969590304401,16569.146,0.013,0.013,True,True,0.0,0.0,86,46,40,1,430000000.0,200000000.0,630000000.0,331326284.74600786,2600000.0,65000.0,2299956423.7300396
13,混合方案,0,1,60,361107960,1000,1.0,1.0,1.0,0.9994973481930308,16573.177,0.01,0.01,True,True,0.0,0.0,106,46,60,1,530000000.0,200000000.0,730000000.0,331326284.74600786,2000000.0,50000.0,2396881423.7300396
14,额外轨道面,0,2,0,730649529,1000,0.9999999673730408,1.0,1.0,0.9994963596760463,16970.807,0.009,0.0,True,True,0.0,0.0,92,92,0,2,460000000.0,400000000.0,860000000.0,339407413.64225197,0.0,0.0,2557037068.21126
15,混合方案,0,2,1,2027633272,1000,0.9999999429223745,1.0,1.0,0.9994970596828524,16971.971,0.011,0.011,True,True,0.0,0.0,93,92,1,2,465000000.0,400000000.0,865000000.0,339407413.64225197,2200000.0,55000.0,2573312068.21126
16,混合方案,0,2,5,717190372,1000,0.9999999429223745,1.0,1.0,0.9994968209389181,16968.603,0.012,0.012,True,True,0.0,0.0,97,92,5,2,485000000.0,400000000.0,885000000.0,339407413.64225197,2400000.0,60000.0,2594337068.21126
17,混合方案,0,2,10,125464752,1000,1.0,1.0,1.0,0.9994974809309519,16973.317,0.004,0.004,True,True,0.0,0.0,102,92,10,2,510000000.0,400000000.0,910000000.0,339407413.64225197,800000.0,20000.0,2611137068.21126
18,混合方案,0,2,20,1865562285,1000,0.9999999578497623,1.0,1.0,0.9994970961332201,16975.291,0.01,0.01,True,True,0.0,0.0,112,92,20,2,560000000.0,400000000.0,960000000.0,339407413.64225197,2000000.0,50000.0,2667287068.21126
19,混合方案,0,2,40,411676587,1000,1.0,1.0,1.0,0.9994974260082374,16967.251,0.005,0.005,True,True,0.0,0.0,132,92,40,2,660000000.0,400000000.0,1060000000.0,339407413.64225197,1000000.0,25000.0,2762162068.21126
20,混合方案,0,2,60,1780096441,1000,1.0,1.0,1.0,0.9994971101354755,16974.457,0.01,0.01,True,True,0.0,0.0,152,92,60,2,760000000.0,400000000.0,1160000000.0,339407413.64225197,2000000.0,50000.0,2867287068.21126
21,额外轨道面,0,3,0,1606256153,1000,1.0,1.0,1.0,0.9994952923681328,17376.053,0.012,0.0,True,True,0.0,0.0,138,138,0,3,690000000.0,600000000.0,1290000000.0,347488542.538496,0.0,0.0,3027442712.69248
22,混合方案,0,3,1,1083603873,1000,0.9999999696413628,1.0,1.0,0.9994973731505901,17373.878,0.006,0.006,True,True,0.0,0.0,139,138,1,3,695000000.0,600000000.0,1295000000.0,347488542.538496,1200000.0,30000.0,3038592712.69248
23,混合方案,0,3,5,158080934,1000,0.9999999026600098,1.0,1.0,0.9994969342815438,17373.902,0.013,0.013,True,True,0.0,0.0,143,138,5,3,715000000.0,600000000.0,1315000000.0,347488542.538496,2600000.0,65000.0,3065767712.69248
24,混合方案,0,3,10,1224552542,1000,1.0,1.0,1.0,0.9994974497926248,17377.207,0.009,0.009,True,True,0.0,0.0,148,138,10,3,740000000.0,600000000.0,1340000000.0,347488542.538496,1799999.9999999998,45000.0,3086667712.69248
25,混合方案,0,3,20,114622632,1000,1.0,1.0,1.0,0.9994967619308759,17372.121,0.012,0.012,True,True,0.0,0.0,158,138,20,3,790000000.0,600000000.0,1390000000.0,347488542.538496,2400000.0,60000.0,3139742712.69248
26,混合方案,0,3,40,176722513,1000,0.999999952221742,1.0,1.0,0.9994970583321741,17372.806,0.009,0.009,True,True,0.0,0.0,178,138,40,3,890000000.0,600000000.0,1490000000.0,347488542.538496,1799999.9999999998,45000.0,3236667712.69248
27,混合方案,0,3,60,1133561737,1000,1.0,1.0,1.0,0.9994971030411186,17369.429,0.009,0.009,True,True,0.0,0.0,198,138,60,3,990000000.0,600000000.0,1590000000.0,347488542.538496,1799999.9999999998,45000.0,3336667712.69248
28,每轨在轨备用,1,0,0,1084386412,1000,1.0,1.0,1.0,0.9994978572399306,16507.723,0.012,0.0,True,True,0.0,0.0,40,40,0,1,200000000.0,200000000.0,400000000.0,330272224.4551934,0.0,0.0,2051361122.2759671
29,混合方案,1,0,1,251687073,1000,1.0,1.0,1.0,0.9994977529543414,16510.231,0.009,0.0,True,True,0.0,0.0,41,40,1,1,205000000.0,200000000.0,405000000.0,330272224.4551934,0.0,45000.0,2056586122.2759671
30,混合方案,1,0,5,515445416,1000,1.0,1.0,1.0,0.999497892310849,16521.108,0.01,0.0,True,True,0.0,0.0,45,40,5,1,225000000.0,200000000.0,425000000.0,330272224.4551934,0.0,50000.0,2076611122.2759671
31,混合方案,1,0,10,558649635,1000,1.0,1.0,1.0,0.9994976804484098,16518.139,0.007,0.0,True,True,0.0,0.0,50,40,10,1,250000000.0,200000000.0,450000000.0,330272224.4551934,0.0,35000.0,2101536122.2759671
32,混合方案,1,0,20,1212459927,1000,1.0,1.0,1.0,0.999497770412139,16508.347,0.008,0.0,True,True,0.0,0.0,60,40,20,1,300000000.0,200000000.0,500000000.0,330272224.4551934,0.0,40000.0,2151561122.275967
33,混合方案,1,0,40,1529341939,1000,1.0,1.0,1.0,0.999497846331469,16521.441,0.003,0.0,True,True,0.0,0.0,80,40,40,1,400000000.0,200000000.0,600000000.0,330272224.4551934,0.0,15000.0,2251436122.275967
34,混合方案,1,0,60,245297443,1000,1.0,1.0,1.0,0.9994975779993465,16510.847,0.011,0.0,True,True,0.0,0.0,100,40,60,1,500000000.0,200000000.0,700000000.0,330272224.4551934,0.0,55000.0,2351636122.275967
35,混合方案,1,1,0,1541524638,1000,1.0,1.0,1.0,0.9994978790950899,16914.961,0.008,0.0,True,True,0.0,0.0,86,86,0,2,430000000.0,400000000.0,830000000.0,338353353.35143757,0.0,0.0,2521766766.757188
36,混合方案,1,1,1,700358951,1000,1.0,1.0,1.0,0.9994981514016308,16921.623,0.005,0.0,True,True,0.0,0.0,87,86,1,2,435000000.0,400000000.0,835000000.0,338353353.35143757,0.0,25000.0,2526891766.757188
37,混合方案,1,1,5,844625773,1000,1.0,1.0,1.0,0.999497809147129,16917.11,0.009,0.0,True,True,0.0,0.0,91,86,5,2,455000000.0,400000000.0,855000000.0,338353353.35143757,0.0,45000.0,2546991766.757188
38,混合方案,1,1,10,1238411500,1000,1.0,1.0,1.0,0.9994976393659513,16915.595,0.006,0.0,True,True,0.0,0.0,96,86,10,2,480000000.0,400000000.0,880000000.0,338353353.35143757,0.0,30000.0,2571916766.757188
39,混合方案,1,1,20,1296598609,1000,1.0,1.0,1.0,0.9994978108134923,16913.983,0.016,0.001,True,True,0.0,0.0,106,86,20,2,530000000.0,400000000.0,930000000.0,338353353.35143757,200000.0,80000.0,2623166766.757188
40,混合方案,1,1,40,1670940392,1000,1.0,1.0,1.0,0.9994980526035072,16916.044,0.01,0.0,True,True,0.0,0.0,126,86,40,2,630000000.0,400000000.0,1030000000.0,338353353.35143757,0.0,50000.0,2722016766.757188
41,混合方案,1,1,60,168919095,1000,1.0,1.0,1.0,0.9994978931893815,16914.999,0.011,0.0,True,True,0.0,0.0,146,86,60,2,730000000.0,400000000.0,1130000000.0,338353353.35143757,0.0,55000.0,2822041766.757188
42,混合方案,1,2,0,553281620,1000,1.0,1.0,1.0,0.9994978034627304,17323.105,0.007,0.0,True,True,0.0,0.0,132,132,0,3,660000000.0,600000000.0,1260000000.0,346434482.2476817,0.0,0.0,2992172411.238408
43,混合方案,1,2,1,1213470609,1000,1.0,1.0,1.0,0.999497921477769,17327.195,0.005,0.0,True,True,0.0,0.0,133,132,1,3,665000000.0,600000000.0,1265000000.0,346434482.2476817,0.0,25000.0,2997297411.238408
44,混合方案,1,2,5,1150059313,1000,1.0,1.0,1.0,0.9994979610033208,17323.008,0.004,0.0,True,True,0.0,0.0,137,132,5,3,685000000.0,600000000.0,1285000000.0,346434482.2476817,0.0,20000.0,3017272411.238408
45,混合方案,1,2,10,882920780,1000,1.0,1.0,1.0,0.9994978126041053,17321.939,0.006,0.0,True,True,0.0,0.0,142,132,10,3,710000000.0,600000000.0,1310000000.0,346434482.2476817,0.0,30000.0,3042322411.238408
46,混合方案,1,2,20,770914653,1000,1.0,1.0,1.0,0.9994979699401233,17317.788,0.008,0.0,True,True,0.0,0.0,152,132,20,3,760000000.0,600000000.0,1360000000.0,346434482.2476817,0.0,40000.0,3092372411.238408
47,混合方案,1,2,40,1384975197,1000,1.0,1.0,1.0,0.9994977059517098,17324.093,0.007,0.001,True,True,0.0,0.0,172,132,40,3,860000000.0,600000000.0,1460000000.0,346434482.2476817,200000.0,35000.0,3193347411.238408
48,混合方案,1,2,60,907473085,1000,1.0,1.0,1.0,0.9994981105002253,17322.823,0.008,0.0,True,True,0.0,0.0,192,132,60,3,960000000.0,600000000.0,1560000000.0,346434482.2476817,0.0,40000.0,3292372411.238408
49,混合方案,1,3,0,1632022217,1000,1.0,1.0,1.0,0.9994980982008729,17727.436,0.008,0.0,True,True,0.0,0.0,178,178,0,3,890000000.0,600000000.0,1490000000.0,354515611.1439257,0.0,0.0,3262578055.7196283
50,混合方案,1,3,1,1126152417,1000,1.0,1.0,1.0,0.9994978254692578,17721.606,0.011,0.0,True,True,0.0,0.0,179,178,1,3,895000000.0,600000000.0,1495000000.0,354515611.1439257,0.0,55000.0,3267853055.7196283
51,混合方案,1,3,5,1034071314,1000,1.0,1.0,1.0,0.9994978863270557,17716.894,0.011,0.0,True,True,0.0,0.0,183,178,5,3,915000000.0,600000000.0,1515000000.0,354515611.1439257,0.0,55000.0,3287853055.7196283
52,混合方案,1,3,10,441479999,1000,1.0,1.0,1.0,0.9994981783645608,17729.382,0.013,0.0,True,True,0.0,0.0,188,178,10,3,940000000.0,600000000.0,1540000000.0,354515611.1439257,0.0,65000.0,3312903055.7196283
53,混合方案,1,3,20,67235835,1000,1.0,1.0,1.0,0.9994978408695667,17721.124,0.007,0.0,True,True,0.0,0.0,198,178,20,3,990000000.0,600000000.0,1590000000.0,354515611.1439257,0.0,35000.0,3362753055.7196283
54,混合方案,1,3,40,2002597886,1000,1.0,1.0,1.0,0.9994979408835977,17728.104,0.003,0.001,True,True,0.0,0.0,218,178,40,3,1090000000.0,600000000.0,1690000000.0,354515611.1439257,200000.0,15000.0,3463653055.7196283
55,混合方案,1,3,60,2005466757,1000,1.0,1.0,1.0,0.99949798434486,17726.626,0.007,0.0,True,True,0.0,0.0,238,178,60,3,1190000000.0,600000000.0,1790000000.0,354515611.1439257,0.0,35000.0,3562753055.7196283
56,每轨在轨备用,2,0,0,600043482,1000,1.0,1.0,1.0,0.9994980243629239,16872.513,0.003,0.0,True,True,0.0,0.0,80,80,0,2,400000000.0,400000000.0,800000000.0,337299293.0606231,0.0,0.0,2486496465.303116
57,混合方案,2,0,1,2050755565,1000,1.0,1.0,1.0,0.9994978761577663,16866.488,0.011,0.0,True,True,0.0,0.0,81,80,1,2,405000000.0,400000000.0,805000000.0,337299293.0606231,0.0,55000.0,2491771465.303116
58,混合方案,2,0,5,1035662133,1000,1.0,1.0,1.0,0.9994980717707471,16863.354,0.009,0.0,True,True,0.0,0.0,85,80,5,2,425000000.0,400000000.0,825000000.0,337299293.0606231,0.0,45000.0,2511721465.303116
59,混合方案,2,0,10,1161662832,1000,1.0,1.0,1.0,0.9994979868394896,16867.99,0.008,0.0,True,True,0.0,0.0,90,80,10,2,450000000.0,400000000.0,850000000.0,337299293.0606231,0.0,40000.0,2536696465.303116
60,混合方案,2,0,20,1357533561,1000,1.0,1.0,1.0,0.999497878205381,16868.81,0.006,0.0,True,True,0.0,0.0,100,80,20,2,500000000.0,400000000.0,900000000.0,337299293.0606231,0.0,30000.0,2586646465.303116
61,混合方案,2,0,40,1461627941,1000,1.0,1.0,1.0,0.999497702161533,16871.188,0.005,0.0,True,True,0.0,0.0,120,80,40,2,600000000.0,400000000.0,1000000000.0,337299293.0606231,0.0,25000.0,2686621465.303116
62,混合方案,2,0,60,1100814854,1000,1.0,1.0,1.0,0.9994979877087692,16862.062,0.007,0.0,True,True,0.0,0.0,140,80,60,2,700000000.0,400000000.0,1100000000.0,337299293.0606231,0.0,35000.0,2786671465.303116
63,混合方案,2,1,0,789139288,1000,1.0,1.0,1.0,0.9994978582762737,17271.247,0.012,0.0,True,True,0.0,0.0,126,126,0,3,630000000.0,600000000.0,1230000000.0,345380421.9568672,0.0,0.0,2956902109.784336
64,混合方案,2,1,1,1835093794,1000,1.0,1.0,1.0,0.9994979981403366,17263.798,0.007,0.0,True,True,0.0,0.0,127,126,1,3,635000000.0,600000000.0,1235000000.0,345380421.9568672,0.0,35000.0,2962077109.784336
65,混合方案,2,1,5,724184575,1000,1.0,1.0,1.0,0.9994980957909343,17276.109,0.01,0.0,True,True,0.0,0.0,131,126,5,3,655000000.0,600000000.0,1255000000.0,345380421.9568672,0.0,50000.0,2982152109.784336
66,混合方案,2,1,10,734745080,1000,1.0,1.0,1.0,0.9994979665317228,17266.978,0.01,0.0,True,True,0.0,0.0,136,126,10,3,680000000.0,600000000.0,1280000000.0,345380421.9568672,0.0,50000.0,3007152109.784336
67,混合方案,2,1,20,2023792508,1000,1.0,1.0,1.0,0.9994979580734923,17265.691,0.005,0.0,True,True,0.0,0.0,146,126,20,3,730000000.0,600000000.0,1330000000.0,345380421.9568672,0.0,25000.0,3057027109.784336
68,混合方案,2,1,40,1724621972,1000,1.0,1.0,1.0,0.9994979024001125,17267.304,0.006,0.0,True,True,0.0,0.0,166,126,40,3,830000000.0,600000000.0,1430000000.0,345380421.9568672,0.0,30000.0,3157052109.784336
69,混合方案,2,1,60,1629720227,1000,1.0,1.0,1.0,0.9994977743865908,17268.243,0.012,0.0,True,True,0.0,0.0,186,126,60,3,930000000.0,600000000.0,1530000000.0,345380421.9568672,0.0,60000.0,3257202109.784336
70,混合方案,2,2,0,1557316127,1000,1.0,1.0,1.0,0.9994979617750657,17680.47,0.009,0.0,True,True,0.0,0.0,172,172,0,3,860000000.0,600000000.0,1460000000.0,353461550.85311127,0.0,0.0,3227307754.2655563
71,混合方案,2,2,1,1234043731,1000,1.0,1.0,1.0,0.9994979454770611,17669.788,0.016,0.0,True,True,0.0,0.0,173,172,1,3,865000000.0,600000000.0,1465000000.0,353461550.85311127,0.0,80000.0,3232707754.2655563
72,混合方案,2,2,5,1352487394,1000,0.9999999824747667,1.0,1.0,0.9994978382595133,17670.948,0.011,0.001,True,True,0.0,0.0,177,172,5,3,885000000.0,600000000.0,1485000000.0,353461550.85311127,200000.0,55000.0,3253582754.2655563
73,混合方案,2,2,10,96014485,1000,1.0,1.0,1.0,0.999497855797947,17674.392,0.009,0.001,True,True,0.0,0.0,182,172,10,3,910000000.0,600000000.0,1510000000.0,353461550.85311127,200000.0,45000.0,3278532754.2655563
74,混合方案,2,2,20,1354790366,1000,1.0,1.0,1.0,0.9994978021957182,17673.119,0.011,0.001,True,True,0.0,0.0,192,172,20,3,960000000.0,600000000.0,1560000000.0,353461550.85311127,200000.0,55000.0,3328582754.2655563
75,混合方案,2,2,40,1555518160,1000,1.0,1.0,1.0,0.9994977371644371,17668.53,0.012,0.0,True,True,0.0,0.0,212,172,40,3,1060000000.0,600000000.0,1660000000.0,353461550.85311127,0.0,60000.0,3427607754.2655563
76,混合方案,2,2,60,990118168,1000,1.0,1.0,1.0,0.9994976345366624,17670.291,0.015,0.001,True,True,0.0,0.0,232,172,60,3,1160000000.0,600000000.0,1760000000.0,353461550.85311127,200000.0,75000.0,3528682754.2655563
77,混合方案,2,3,0,973943703,1000,1.0,1.0,1.0,0.9994972174551422,18077.753,0.01,0.0,True,True,0.0,0.0,218,218,0,4,1090000000.0,800000000.0,1890000000.0,361542679.7493554,0.0,0.0,3697713398.7467766
78,混合方案,2,3,1,1237436749,1000,1.0,1.0,1.0,0.9994979032579372,18077.506,0.005,0.0,True,True,0.0,0.0,219,218,1,4,1095000000.0,800000000.0,1895000000.0,361542679.7493554,0.0,25000.0,3702838398.7467766
79,混合方案,2,3,5,343992630,1000,1.0,1.0,1.0,0.9994981676102637,18082.068,0.007,0.001,True,True,0.0,0.0,223,218,5,4,1115000000.0,800000000.0,1915000000.0,361542679.7493554,200000.0,35000.0,3723888398.7467766
80,混合方案,2,3,10,1933182499,1000,1.0,1.0,1.0,0.9994976042619369,18079.343,0.01,0.001,True,True,0.0,0.0,228,218,10,4,1140000000.0,800000000.0,1940000000.0,361542679.7493554,200000.0,50000.0,3748963398.7467766
81,混合方案,2,3,20,1433543024,1000,1.0,1.0,1.0,0.9994977816310063,18079.849,0.009,0.0,True,True,0.0,0.0,238,218,20,4,1190000000.0,800000000.0,1990000000.0,361542679.7493554,0.0,45000.0,3797938398.7467766
82,混合方案,2,3,40,899155255,1000,1.0,1.0,1.0,0.9994976845973726,18074.692,0.007,0.002,True,True,0.0,0.0,258,218,40,4,1290000000.0,800000000.0,2090000000.0,361542679.7493554,400000.0,35000.0,3899888398.7467766
83,混合方案,2,3,60,1287869469,1000,1.0,1.0,1.0,0.9994979113582528,18083.648,0.014,0.002,True,True,0.0,0.0,278,218,60,4,1390000000.0,800000000.0,2190000000.0,361542679.7493554,400000.0,70000.0,4000063398.7467766
84,每轨在轨备用,3,0,0,253787149,1000,1.0,1.0,1.0,0.9994980492483525,17214.515,0.008,0.0,True,True,0.0,0.0,120,120,0,2,600000000.0,400000000.0,1000000000.0,344326361.66605276,0.0,0.0,2721631808.330264
85,混合方案,3,0,1,603180739,1000,1.0,1.0,1.0,0.999497779639398,17219.212,0.01,0.0,True,True,0.0,0.0,121,120,1,2,605000000.0,400000000.0,1005000000.0,344326361.66605276,0.0,50000.0,2726881808.330264
86,混合方案,3,0,5,1159750324,1000,1.0,1.0,1.0,0.9994979928670905,17222.779,0.01,0.0,True,True,0.0,0.0,125,120,5,2,625000000.0,400000000.0,1025000000.0,344326361.66605276,0.0,50000.0,2746881808.330264
87,混合方案,3,0,10,1990702552,1000,1.0,1.0,1.0,0.9994979133716148,17220.716,0.008,0.0,True,True,0.0,0.0,130,120,10,2,650000000.0,400000000.0,1050000000.0,344326361.66605276,0.0,40000.0,2771831808.330264
88,混合方案,3,0,20,2128319645,1000,1.0,1.0,1.0,0.9994978741064394,17213.808,0.009,0.0,True,True,0.0,0.0,140,120,20,2,700000000.0,400000000.0,1100000000.0,344326361.66605276,0.0,45000.0,2821856808.330264
89,混合方案,3,0,40,1474589928,1000,1.0,1.0,1.0,0.9994979383154605,17217.626,0.006,0.0,True,True,0.0,0.0,160,120,40,2,800000000.0,400000000.0,1200000000.0,344326361.66605276,0.0,30000.0,2921781808.330264
90,混合方案,3,0,60,517805686,1000,1.0,1.0,1.0,0.9994980891048165,17217.917,0.009,0.0,True,True,0.0,0.0,180,120,60,2,900000000.0,400000000.0,1300000000.0,344326361.66605276,0.0,45000.0,3021856808.330264
91,混合方案,3,1,0,219611958,1000,1.0,1.0,1.0,0.9994978535463174,17615.331,0.008,0.0,True,True,0.0,0.0,166,166,0,3,830000000.0,600000000.0,1430000000.0,352407490.5622968,0.0,0.0,3192037452.8114843
92,混合方案,3,1,1,835060200,1000,1.0,1.0,1.0,0.9994979123726564,17622.612,0.009,0.0,True,True,0.0,0.0,167,166,1,3,835000000.0,600000000.0,1435000000.0,352407490.5622968,0.0,45000.0,3197262452.8114843
93,混合方案,3,1,5,1473690773,1000,1.0,1.0,1.0,0.9994979798096318,17621.087,0.012,0.001,True,True,0.0,0.0,171,166,5,3,855000000.0,600000000.0,1455000000.0,352407490.5622968,200000.0,60000.0,3218337452.8114843
94,混合方案,3,1,10,2117226537,1000,1.0,1.0,1.0,0.9994978059011794,17623.306,0.003,0.0,True,True,0.0,0.0,176,166,10,3,880000000.0,600000000.0,1480000000.0,352407490.5622968,0.0,15000.0,3242112452.8114843
95,混合方案,3,1,20,1515055718,1000,1.0,1.0,1.0,0.9994979738336321,17620.588,0.006,0.0,True,True,0.0,0.0,186,166,20,3,930000000.0,600000000.0,1530000000.0,352407490.5622968,0.0,30000.0,3292187452.8114843
96,混合方案,3,1,40,1437437702,1000,1.0,1.0,1.0,0.9994980273259453,17618.376,0.007,0.0,True,True,0.0,0.0,206,166,40,3,1030000000.0,600000000.0,1630000000.0,352407490.5622968,0.0,35000.0,3392212452.8114843
97,混合方案,3,1,60,460607789,1000,1.0,1.0,1.0,0.9994979049772393,17629.553,0.008,0.0,True,True,0.0,0.0,226,166,60,3,1130000000.0,600000000.0,1730000000.0,352407490.5622968,0.0,40000.0,3492237452.8114843
98,混合方案,3,2,0,287415923,1000,1.0,1.0,1.0,0.9994978939648881,18028.518,0.008,0.0,True,True,0.0,0.0,212,212,0,4,1060000000.0,800000000.0,1860000000.0,360488619.4585409,0.0,0.0,3662443097.2927046
99,混合方案,3,2,1,259300849,1000,1.0,1.0,1.0,0.9994977343237363,18027.012,0.011,0.0,True,True,0.0,0.0,213,212,1,4,1065000000.0,800000000.0,1865000000.0,360488619.4585409,0.0,55000.0,3667718097.2927046
100,混合方案,3,2,5,760277608,1000,1.0,1.0,1.0,0.9994980489029758,18021.511,0.007,0.0,True,True,0.0,0.0,217,212,5,4,1085000000.0,800000000.0,1885000000.0,360488619.4585409,0.0,35000.0,3687618097.2927046
101,混合方案,3,2,10,727870523,1000,1.0,1.0,1.0,0.9994977305406892,18023.509,0.014,0.001,True,True,0.0,0.0,222,212,10,4,1110000000.0,800000000.0,1910000000.0,360488619.4585409,200000.0,70000.0,3713793097.2927046
102,混合方案,3,2,20,610367692,1000,1.0,1.0,1.0,0.9994981153828219,18021.569,0.01,0.0,True,True,0.0,0.0,232,212,20,4,1160000000.0,800000000.0,1960000000.0,360488619.4585409,0.0,50000.0,3762693097.2927046
103,混合方案,3,2,40,1538373414,1000,1.0,1.0,1.0,0.9994978554210493,18022.791,0.015,0.001,True,True,0.0,0.0,252,212,40,4,1260000000.0,800000000.0,2060000000.0,360488619.4585409,200000.0,75000.0,3863818097.2927046
104,混合方案,3,2,60,1439053222,1000,1.0,1.0,1.0,0.999497967751656,18016.543,0.005,0.001,True,True,0.0,0.0,272,212,60,4,1360000000.0,800000000.0,2160000000.0,360488619.4585409,200000.0,25000.0,3963568097.2927046
105,混合方案,3,3,0,287910224,1000,1.0,1.0,1.0,0.9994979619224973,18432.65,0.011,0.0,True,True,0.0,0.0,258,258,0,5,1290000000.0,1000000000.0,2290000000.0,368569748.354785,0.0,0.0,4132848741.773925
106,混合方案,3,3,1,1109412732,1000,1.0,1.0,1.0,0.9994978799387705,18424.942,0.007,0.0,True,True,0.0,0.0,259,258,1,5,1295000000.0,1000000000.0,2295000000.0,368569748.354785,0.0,35000.0,4138023741.773925
107,混合方案,3,3,5,596617366,1000,1.0,1.0,1.0,0.9994978806948782,18428.211,0.012,0.001,True,True,0.0,0.0,263,258,5,5,1315000000.0,1000000000.0,2315000000.0,368569748.354785,200000.0,60000.0,4159148741.773925
108,混合方案,3,3,10,306844803,1000,1.0,1.0,1.0,0.9994978989877249,18425.079,0.009,0.002,True,True,0.0,0.0,268,258,10,5,1340000000.0,1000000000.0,2340000000.0,368569748.354785,400000.0,45000.0,4185073741.773925
109,混合方案,3,3,20,1476023204,1000,1.0,1.0,1.0,0.9994976853782502,18433.648,0.013,0.001,True,True,0.0,0.0,278,258,20,5,1390000000.0,1000000000.0,2390000000.0,368569748.354785,200000.0,65000.0,4234173741.773925
110,混合方案,3,3,40,1620433829,1000,1.0,1.0,1.0,0.999498047975816,18425.379,0.005,0.0,True,True,0.0,0.0,298,258,40,5,1490000000.0,1000000000.0,2490000000.0,368569748.354785,0.0,25000.0,4332973741.773925
111,混合方案,3,3,60,1211428540,1000,1.0,1.0,1.0,0.9994979328791905,18424.8,0.008,0.0,True,True,0.0,0.0,318,258,60,5,1590000000.0,1000000000.0,2590000000.0,368569748.354785,0.0,40000.0,4433048741.773925
