time_seconds,ground_index,satellite_id,assigned_gbps,assignment_cost_ms
0.0,8,1184,20.0,24.0142160560653
0.0,8,389,20.0,23.001633731497954
0.0,4,1141,20.0,25.886993327552652
0.0,4,346,20.0,24.77208144208027
0.0,20,1313,20.0,26.6406794936587
0.0,20,560,20.0,30.13620827683213
0.0,0,303,20.0,27.63392974575943
0.0,0,1098,20.0,29.375809169136023
0.0,9,431,20.0,24.941381850174768
0.0,12,1227,20.0,23.505389857675166
0.0,12,474,20.0,26.056574562807373
0.0,12,432,4.975203840593053,22.95575782615706
0.0,10,432,15.024796159406947,22.854798344206692
0.0,6,388,20.0,26.183870383875806
0.0,19,518,20.0,26.882130568171654
0.0,2,345,20.0,27.950784245882883
0.0,14,475,20.0,24.06819452564333
0.0,14,1270,20.0,24.83986713319831
0.0,21,561,20.0,29.036896288626824
0.0,16,517,20.0,27.50150554651501
0.0,28,1183,20.0,22.681384647939105
0.0,23,1097,20.0,29.59144533507517
0.0,39,1312,20.0,23.278689807018942
0.0,32,1226,20.0,21.653590271190286
0.0,42,1355,20.0,25.519335590227087
0.0,26,1140,20.0,25.81347495336621
0.0,35,1269,20.0,21.4380404176251
0.0,46,304,20.0,24.49315542826446
0.0,54,390,20.0,21.01675441270425
0.0,49,347,20.0,21.793765285581443
0.0,64,519,20.0,25.82811192301716
0.0,57,433,20.0,21.071534897768306
0.0,60,476,20.0,23.449453008744655
0.0,82,1311,20.0,20.29475686129249
0.0,70,1182,20.0,22.788353259192956
0.0,77,1268,20.0,19.58936221685262
0.0,68,1139,20.0,26.10890594129173
0.0,75,1225,20.0,20.3111991419148
0.0,66,261,20.0,27.570167756717375
0.0,84,1354,20.0,22.49869402749103
0.0,107,477,20.0,23.05308834465689
0.0,95,348,20.0,19.67466889455327
0.0,89,262,20.0,24.554329613743107
0.0,99,391,20.0,19.279467072595033
0.0,103,434,20.0,20.58004504857
0.0,92,305,20.0,21.361695654164002
0.0,109,520,20.0,28.179640221577163
0.0,112,1181,20.0,23.319097681871657
0.0,131,1396,20.0,23.353571104520263
0.0,127,1353,20.0,19.206071235590223
0.0,116,1224,20.0,20.321389218688036
0.0,110,1138,20.0,28.071306399213274
0.0,121,1267,20.0,18.245810933565615
0.0,123,1310,20.0,18.299219334491617
0.0,141,349,20.0,18.140085556453975
0.0,151,478,20.0,25.34892413347679
0.0,148,435,20.0,19.950793934063395
0.0,135,263,20.0,21.401322917982974
0.0,138,306,20.0,19.272528935506756
0.0,145,392,20.0,18.811416119215345
0.0,159,1223,20.0,20.897345672831005
0.0,173,1395,20.0,20.2534252457714
0.0,156,1180,20.0,25.438231403902453
0.0,168,1352,20.0,17.45579345627678
0.0,163,1266,20.0,18.362644252731464
0.0,154,176,20.0,25.13319518553666
0.0,165,1309,20.0,16.90100747925916
0.0,180,220,20.0,19.356972521506947
0.0,195,436,20.0,22.442445010074906
0.0,177,177,20.0,22.30004952994418
0.0,197,1438,20.0,24.54846743613708
0.0,184,307,20.0,17.73419872236467
0.0,192,393,20.0,18.404114229974986
0.0,188,350,20.0,17.684460647959845
0.0,213,1394,20.0,18.28886124871101
0.0,211,1351,20.0,16.011771675846287
0.0,200,1222,20.0,23.053571509724158
0.0,203,1265,20.0,18.796569433684965
0.0,206,1308,20.0,17.26839546445475
0.0,219,479,20.0,27.820475261121985
0.0,217,1437,20.0,21.461578930878304
0.0,198,1179,20.0,27.64783888870134
0.0,235,351,20.0,17.308300903207186
0.0,241,437,20.0,25.192914263335112
0.0,223,178,20.0,20.151744717752365
0.0,232,264,20.0,17.585399467868363
0.0,220,135,20.0,23.051035035124425
0.0,239,394,20.0,21.188885007712443
0.0,228,221,20.0,17.72064704528725
0.0,261,1479,20.0,22.168675457563793
0.0,244,1264,20.0,21.265953161662615
0.0,251,1350,20.0,16.337816933434123
0.0,248,1307,20.0,17.739966159281416
0.0,258,1436,20.0,19.32700907740094
0.0,256,1393,20.0,16.73369319124216
0.0,243,1221,20.0,25.701237541997962
0.0,281,308,20.0,19.80827661314974
0.0,281,1478,14.537135706981466,20.097439222125544
0.0,274,222,20.0,17.183698851980587
0.0,274,1392,14.537135706981466,17.331975435464237
0.0,271,179,20.0,18.307529604587202
0.0,271,1349,14.537135706981466,17.43714748484537
0.0,284,395,20.0,23.73070904943469
0.0,284,14,14.537135706981466,22.477053362191093
0.0,285,14,5.462864293018534,22.422906947295836
0.0,266,136,20.0,20.91943133019132
0.0,268,1306,20.0,20.637906686625705
0.0,278,265,20.0,16.846056613221506
0.0,278,1435,14.537135706981466,18.178641927308604
0.0,275,1392,5.462864293018534,17.390242121984407
0.0,264,93,20.0,22.79422873368078
0.0,264,1263,14.537135706981466,23.98320570103914
0.0,277,1435,5.462864293018534,18.251801143920243
0.0,265,1263,5.462864293018534,24.13865003246736
0.0,270,1349,5.462864293018534,17.55286273995602
0.0,306,309,20.0,23.185038033790683
0.0,302,1478,5.462864293018534,19.781686315403896
0.0,302,266,20.0,20.01115043910909
0.0,297,180,20.0,18.384967060851608
0.0,293,137,20.0,19.346881448457882
0.0,289,94,20.0,20.845892351572765
0.0,286,51,20.0,22.719109096749
0.0,286,1305,12.973102630680458,23.519271765389103
0.0,299,223,20.0,17.226281103167995
0.0,318,1434,20.0,17.96763075033036
0.0,318,138,11.318692572001016,19.14570078149046
0.0,323,1477,20.0,18.42917644637259
0.0,323,181,11.318692572001016,18.21381900448312
0.0,319,138,8.681307427998984,19.16379367878559
0.0,322,181,8.681307427998984,18.0454755260025
0.0,312,1348,20.0,19.704766599591682
0.0,312,52,11.318692572001016,20.596935488790937
0.0,315,1391,20.0,17.74900893207912
0.0,315,95,11.318692572001016,19.42003484796799
0.0,311,52,8.681307427998984,20.62453998838374
0.0,311,1390,20.0,20.759669063345015
0.0,321,12,20.0,18.985948910784618
0.0,316,95,8.681307427998984,19.542312499248062
0.0,328,56,20.0,21.98978097192672
0.0,328,267,11.318692572001016,23.161083630089653
0.0,324,13,20.0,19.890051443706287
0.0,324,224,11.318692572001016,20.242818134979927
0.0,310,1305,7.026897369319542,23.498724677065244
0.0,309,9,20.0,22.060568945894673
0.0,308,1347,20.0,23.039124320061514
0.0,326,224,8.681307427998984,20.114627125077547
0.0,329,267,8.681307427998984,23.10188091441818
0.0,314,1433,20.0,19.249055656328977
0.0,336,1475,20.0,19.500017733227775
0.0,336,10,9.578440153917352,20.119624889576773
0.0,335,10,10.421559846082648,19.853956834676044
0.0,344,139,20.0,18.872280390847692
0.0,344,97,9.578440153917352,19.797092227639663
0.0,347,55,20.0,19.730801844689765
0.0,347,182,9.578440153917352,20.77908298143978
0.0,341,96,20.0,19.102545588149248
0.0,341,1476,9.578440153917352,18.589286629197076
0.0,340,1476,10.421559846082648,18.36960747545091
0.0,340,11,19.156880307834705,18.96050655028814
0.0,350,98,20.0,21.74618926940402
0.0,350,140,9.578440153917352,21.631716521671088
0.0,349,140,10.421559846082648,21.50856450706136
0.0,349,182,10.421559846082648,20.76880949892419
0.0,332,1432,20.0,20.798745763119438
0.0,332,1474,9.578440153917352,21.293725595542533
0.0,342,54,20.0,18.964095953851107
0.0,330,1474,10.421559846082648,21.299365803091682
0.0,330,1389,19.156880307834705,23.28921876859811
0.0,338,53,20.0,18.947427010705205
0.0,338,11,0.8431196921652955,18.866721074911172
0.0,346,97,10.421559846082648,19.50667265148904
0.0,351,225,20.0,23.040171889645894
0.0,351,183,9.578440153917352,23.91238838237384
0.0,373,183,10.421559846082648,23.648937622665233
0.0,352,1389,0.8431196921652955,23.037988239230764
0.0,352,1431,20.0,24.03558167826656
900.0,8,1177,20.0,26.24706496147251
900.0,8,424,20.0,22.618833590016948
900.0,4,1134,20.0,31.05201256920254
900.0,4,381,20.0,25.893710034843497
900.0,20,554,20.0,23.380034962157456
900.0,20,1349,20.0,26.983542800131488
900.0,0,1091,20.0,36.312248621717906
900.0,0,296,20.0,32.50484877887559
900.0,0,338,3.9369726720698424,31.10294820535295
900.0,9,425,20.0,18.79893723754779
900.0,9,1220,20.0,23.174242747924254
900.0,12,468,20.0,18.20804819489089
900.0,7,382,20.0,22.04908083203675
900.0,11,467,20.0,20.946011273697433
900.0,13,1263,20.0,22.29064154542337
900.0,2,339,20.0,26.974618161217606
900.0,1,338,16.063027327930158,30.91087754983335
900.0,18,1306,20.0,23.146003258696304
900.0,17,511,20.0,19.37703534488744
900.0,15,510,20.0,21.265294954337673
900.0,28,1176,20.0,27.51644658655741
900.0,41,1348,20.0,23.372589930877293
900.0,23,1133,20.0,32.81397247724939
900.0,31,1219,20.0,22.39176162163461
900.0,38,1305,20.0,20.261755685518658
900.0,35,1262,20.0,19.956195800811816
900.0,58,469,20.0,16.723647419653155
900.0,62,512,20.0,19.673510081309544
900.0,52,383,20.0,18.35232203692665
900.0,44,297,20.0,28.71179779657919
900.0,54,426,20.0,16.665828761020684
900.0,49,340,20.0,23.309833255389606
900.0,65,555,20.0,24.931248774868067
900.0,76,1261,20.0,19.461076923353875
900.0,80,1304,20.0,17.74433737537303
900.0,70,1175,20.0,29.030835750811498
900.0,72,1218,20.0,23.94955249591831
900.0,87,1390,20.0,23.930569211390786
900.0,66,1132,20.0,34.019692226152635
900.0,84,1347,20.0,20.36216914534279
900.0,107,513,20.0,21.28028820616188
900.0,95,341,20.0,19.91481118464862
900.0,105,470,20.0,17.06664446559079
900.0,97,384,20.0,15.93740587731283
900.0,90,298,20.0,24.900458573444425
900.0,101,427,20.0,14.910553760929002
900.0,88,255,20.0,30.124335862153863
900.0,125,1346,20.0,17.791409906494927
900.0,112,1174,20.0,30.505864689848224
900.0,122,1303,20.0,17.401987021405077
900.0,116,1217,20.0,25.64143030106539
900.0,129,1389,20.0,20.79962811592896
900.0,119,1260,20.0,20.872116357651464
900.0,141,342,20.0,17.348711366709498
900.0,151,471,20.0,18.5068246658557
900.0,148,428,20.0,15.594595389022887
900.0,144,385,20.0,14.529017585474516
900.0,133,256,20.0,26.176329968707854
900.0,136,299,20.0,21.378316198592646
900.0,153,514,20.0,23.27801416102331
900.0,167,1345,20.0,17.413477899135124
900.0,156,1216,20.0,27.305441418805646
900.0,171,1388,20.0,18.223265905496994
900.0,163,1302,20.0,19.033940214256162
900.0,174,1431,20.0,21.78384138981388
900.0,154,1173,20.0,32.89963132303948
900.0,161,1259,20.0,22.71054990638204
900.0,180,257,20.0,22.670969702339246
900.0,182,300,20.0,18.764545267227167
900.0,197,472,20.0,20.400024681014774
900.0,189,386,20.0,15.017448700250995
900.0,194,429,20.0,16.996644922622032
900.0,176,214,20.0,27.522481972931555
900.0,187,343,20.0,15.805244988132785
900.0,213,1387,20.0,17.829776131570412
900.0,216,1430,20.0,19.050880453098596
900.0,200,1215,20.0,30.03280824632522
900.0,203,1258,20.0,24.59891152015858
900.0,206,1301,20.0,20.797509327372804
900.0,210,1344,20.0,18.923047087919308
900.0,219,1473,20.0,22.482503242286523
900.0,235,387,20.0,16.61532288422733
900.0,241,430,20.0,19.06119600841094
900.0,223,215,20.0,23.894222459360606
900.0,232,344,20.0,16.010028364318767
900.0,220,172,20.0,28.713450866987824
900.0,226,258,20.0,19.787540200009097
900.0,228,301,20.0,17.343889729162335
900.0,261,1472,20.0,19.518800614108798
900.0,261,388,15.175311871706953,18.863108689538056
900.0,244,1257,20.0,27.273373501979815
900.0,251,1343,20.0,20.663175144217487
900.0,248,1300,20.0,22.87934330273882
900.0,258,1429,20.0,18.574304606121817
900.0,255,1386,20.0,19.238897878188347
900.0,281,345,20.0,17.522896600530558
900.0,269,216,20.0,20.890165239578536
900.0,269,1342,13.739862371887867,23.053034914988793
900.0,274,259,20.0,18.381975083492744
900.0,284,388,4.824688128293047,18.46888888787819
900.0,273,1385,20.0,21.342085177244844
900.0,285,8,20.0,22.77204938986072
900.0,285,431,13.739862371887867,22.482085723477738
900.0,266,173,20.0,24.683169027426022
900.0,266,1299,13.739862371887867,26.156210587509328
900.0,275,302,20.0,17.25580056952057
900.0,264,130,20.0,29.318974487312747
900.0,265,1299,6.260137628112133,26.275366376761877
900.0,270,1342,6.260137628112133,23.10309663799356
900.0,276,1428,20.0,20.10868232669018
900.0,306,7,20.0,19.896407865982912
900.0,306,346,12.211934254536509,19.462755796226084
900.0,302,1471,20.0,18.86365079466988
900.0,302,303,12.211934254536509,18.545711464924022
900.0,297,260,20.0,18.44155902695895
900.0,304,346,7.788065745463491,19.32643913917719
900.0,294,217,20.0,19.46970667167488
900.0,289,131,20.0,25.69822813403041
900.0,286,1256,20.0,30.583031878232163
900.0,290,174,20.0,22.26126300422439
900.0,301,303,7.788065745463491,18.49737411164814
900.0,307,389,20.0,22.11595362786249
900.0,307,431,6.260137628112133,22.49609893213652
900.0,307,50,5.951796626424375,23.53423194008402
900.0,318,1427,20.0,21.759696010401306
900.0,318,175,10.59571546441757,20.56748455212161
900.0,323,6,20.0,19.423572099423033
900.0,323,261,10.59571546441757,19.500148659156068
900.0,319,1470,20.0,20.26135927905632
900.0,319,218,10.59571546441757,19.530609870429636
900.0,312,1384,20.0,23.141126268743722
900.0,312,88,10.59571546441757,22.919491655657264
900.0,311,1341,20.0,25.922109984114684
900.0,311,45,10.59571546441757,25.323017311836637
900.0,321,218,9.40428453558243,19.4107228722353
900.0,316,175,9.40428453558243,20.476001399783293
900.0,328,49,20.0,20.531108019254823
900.0,328,304,10.59571546441757,20.36670295560207
900.0,324,261,9.40428453558243,19.460500864429765
900.0,310,45,9.40428453558243,25.19295224858502
900.0,313,88,9.40428453558243,22.689928547524456
900.0,327,304,9.40428453558243,20.247551513132237
900.0,309,1383,20.0,26.55286989446024
900.0,308,1298,20.0,29.432708952905198
900.0,308,44,10.59571546441757,28.61068495089581
900.0,329,50,14.048203373575625,23.458869915485778
900.0,329,92,16.547512090841945,23.651029327562583
900.0,336,46,20.0,22.706220201972204
900.0,336,1426,8.895635944892767,23.6481936059789
900.0,335,1426,11.104364055107233,23.422414281766002
900.0,335,1468,17.791271889785534,24.2306367297468
900.0,344,48,20.0,19.89666554826246
900.0,344,90,8.895635944892767,20.32761696028933
900.0,334,1468,2.208728110214466,24.048881885347008
900.0,334,3,20.0,24.64533397609337
900.0,347,219,20.0,19.972914412233727
900.0,347,133,8.895635944892767,20.64519674646955
900.0,341,5,20.0,20.413941488768806
900.0,341,47,8.895635944892767,20.72016814154678
900.0,340,89,20.0,20.657659428492266
900.0,340,47,8.895635944892767,20.73581329531239
900.0,350,262,20.0,20.99118263824564
900.0,350,176,8.895635944892767,22.156046988081584
900.0,349,91,20.0,20.644848516657643
900.0,349,133,8.895635944892767,20.948682341060906
900.0,332,1425,20.0,26.90327286400421
900.0,342,132,20.0,20.064645140516767
900.0,342,47,2.208728110214466,20.946582060129085
900.0,330,1467,20.0,26.99384801870565
900.0,330,2,8.895635944892767,27.610051144428812
900.0,338,1469,20.0,21.905266543765755
900.0,338,4,8.895635944892767,22.463704676335723
900.0,348,133,2.208728110214466,20.680180415670723
900.0,345,90,11.104364055107233,20.461621508243287
900.0,337,4,11.104364055107233,22.378526157926505
900.0,351,134,20.0,22.758387638276037
900.0,351,176,8.895635944892767,22.084151872591498
900.0,371,176,2.208728110214466,22.181759823274707
900.0,373,347,20.0,22.818473950170684
900.0,352,2,11.104364055107233,27.77846011690146
900.0,352,1340,16.01199144064681,29.579435118638823
1800.0,8,418,20.0,21.946110989279596
1800.0,8,1213,20.0,20.70630006283723
1800.0,4,375,20.0,20.320429112081783
1800.0,20,1342,20.0,34.552095132541595
1800.0,20,547,20.0,36.612509131652345
1800.0,0,332,20.0,20.8322184910731
1800.0,0,1084,20.0,21.550785874279853
1800.0,12,1256,20.0,23.92032056884973
1800.0,12,461,20.0,24.417298241929476
1800.0,7,1170,20.0,18.2568028616151
1800.0,2,1127,20.0,17.089844397127717
1800.0,14,504,20.0,30.408261414713817
1800.0,21,590,20.0,42.22100841060515
1800.0,3,374,20.0,23.280071478760036
1800.0,17,1299,20.0,29.069911835405076
1800.0,23,1126,20.0,17.52293000573698
1800.0,40,1341,20.0,31.237000542817203
1800.0,32,1255,20.0,20.6878737454259
1800.0,26,1169,20.0,15.258060629169501
1800.0,29,1212,20.0,17.469799330613778
1800.0,36,1298,20.0,25.485199645847366
1800.0,58,462,20.0,26.451666567271598
1800.0,62,505,20.0,32.623617261868496
1800.0,46,333,20.0,18.193952853719324
1800.0,44,290,20.0,22.007922173169074
1800.0,54,419,20.0,20.654006721907137
1800.0,64,548,20.0,37.87213656275778
1800.0,64,1384,20.0,36.64130593538657
1800.0,50,376,20.0,18.99699239234714
1800.0,82,1340,20.0,27.503981238027734
1800.0,72,1211,20.0,14.82547564110862
1800.0,68,1168,20.0,15.321001055143729
1800.0,75,1254,20.0,17.247082859388673
1800.0,78,1297,20.0,21.80491303337732
1800.0,107,1383,20.0,32.47333493804516
1800.0,107,506,20.0,34.22691084791604
1800.0,95,377,20.0,18.06213728668048
1800.0,90,291,20.0,19.56117733334163
1800.0,99,420,20.0,22.807966718796123
1800.0,103,463,20.0,28.541005901708253
1800.0,92,334,20.0,16.878221517336286
1800.0,109,549,20.0,40.124374699018205
1800.0,88,1125,20.0,19.72523504060945
1800.0,110,1167,20.0,17.538219273719697
1800.0,117,1253,20.0,14.573017340441286
1800.0,113,1210,20.0,14.91411970146314
1800.0,121,1296,20.0,18.501947429194864
1800.0,124,1339,20.0,23.74798988217826
1800.0,141,378,20.0,20.168202563111933
1800.0,151,1382,20.0,29.206423140411697
1800.0,148,464,20.0,30.970208384890984
1800.0,132,249,20.0,20.8009035769223
1800.0,136,292,20.0,18.241662061696733
1800.0,138,335,20.0,15.598597791691708
1800.0,145,421,20.0,25.166365678299353
1800.0,153,1425,20.0,33.891621313696376
1800.0,153,507,19.840478638768523,36.06680363615418
1800.0,152,507,0.15952136123147653,36.13929660731552
1800.0,159,1252,20.0,14.583798868748667
1800.0,156,1209,20.0,17.04369991402451
1800.0,163,1295,20.0,15.783173688259794
1800.0,166,1338,20.0,20.419469137363226
1800.0,180,293,20.0,17.100489880769082
1800.0,195,1424,20.0,30.060735562063545
1800.0,195,465,17.93967565244556,32.75523440707333
1800.0,177,250,20.0,19.50669927036614
1800.0,197,465,2.0603243475544417,33.23326057469558
1800.0,184,336,20.0,17.894885915645837
1800.0,189,379,20.0,22.500792490555234
1800.0,192,1381,20.0,24.926452621732803
1800.0,192,422,17.93967565244556,27.411154091010495
1800.0,193,422,2.0603243475544417,27.760397100641292
1800.0,211,1380,20.0,22.04976314558718
1800.0,214,1423,20.0,26.824632923169172
1800.0,200,1251,20.0,16.765188058573333
1800.0,219,1467,20.0,35.29248992769928
1800.0,218,1466,20.0,31.508214688977727
1800.0,204,1294,20.0,15.582204252910996
1800.0,207,1337,20.0,17.658319026801422
1800.0,198,1208,20.0,20.209352500874182
1800.0,198,207,16.831913503745632,22.108748688754382
1800.0,235,380,20.0,24.87810338279168
1800.0,241,466,20.0,35.48676496637452
1800.0,223,251,20.0,18.167592962689294
1800.0,232,337,20.0,20.49671116656646
1800.0,220,208,20.0,20.467733985730348
1800.0,239,423,20.0,29.834489600217598
1800.0,228,294,20.0,18.775040072896434
1800.0,244,1293,20.0,17.800440447698836
1800.0,251,1379,20.0,19.423025336563388
1800.0,248,1336,20.0,17.352978060772863
1800.0,258,1465,20.0,27.729667445458933
1800.0,256,1422,20.0,23.312734647123577
1800.0,256,338,14.316841068234154,23.55632495630706
1800.0,252,295,20.0,21.827316917169018
1800.0,262,1,20.0,31.927023393518073
1800.0,262,424,14.316841068234154,33.163753114505866
1800.0,243,1250,20.0,19.88465236657199
1800.0,260,381,20.0,27.9272664079715
1800.0,249,252,20.0,20.27127322951965
1800.0,263,424,5.6831589317658455,33.038415253288996
1800.0,269,209,20.0,18.95990030459228
1800.0,266,166,20.0,21.98820817267008
1800.0,278,338,5.6831589317658455,23.005121073859513
1800.0,264,1292,20.0,20.88904438601635
1800.0,306,382,20.0,30.849126522121956
1800.0,306,87,11.425786140718436,30.904030238274935
1800.0,302,339,20.0,26.239378786699817
1800.0,302,0,11.425786140718436,28.10173835775372
1800.0,297,1421,20.0,20.32043323877314
1800.0,297,253,11.425786140718436,22.354917521328765
1800.0,298,253,8.574213859281564,22.690918412948733
1800.0,304,0,8.574213859281564,27.780441827288715
1800.0,294,1378,20.0,18.62388133300319
1800.0,294,210,11.425786140718436,20.877758320749308
1800.0,293,210,8.574213859281564,20.700621387094046
1800.0,289,1335,20.0,18.904551654033785
1800.0,289,167,11.425786140718436,20.105845519818132
1800.0,288,167,8.574213859281564,20.39893299656237
1800.0,286,124,20.0,22.829879261127854
1800.0,299,1464,20.0,24.14682677478243
1800.0,299,296,11.425786140718436,24.09279695754674
1800.0,301,296,8.574213859281564,24.225508935921194
1800.0,307,87,8.574213859281564,30.770375675488275
1800.0,318,1463,20.0,21.351907537219578
1800.0,318,211,9.849011965856974,23.074593101496134
1800.0,323,43,20.0,24.96813603531986
1800.0,323,254,9.849011965856974,24.92449467283432
1800.0,319,211,10.150988034143026,23.039227945985154
1800.0,322,254,10.150988034143026,24.798509646493706
1800.0,312,1377,20.0,20.237827309237424
1800.0,312,125,9.849011965856974,21.192439868149606
1800.0,315,1420,20.0,19.90163732010337
1800.0,315,168,9.849011965856974,21.760513583526723
1800.0,311,125,10.150988034143026,21.27369573822915
1800.0,316,168,10.150988034143026,21.838335756142264
1800.0,328,129,20.0,29.768183643962885
1800.0,328,340,9.849011965856974,29.699990381784154
1800.0,324,86,20.0,27.46742085742521
1800.0,324,297,9.849011965856974,27.00953823001524
1800.0,310,1334,20.0,22.145390753931622
1800.0,327,297,10.150988034143026,27.042065699779787
1800.0,309,82,20.0,23.71489623524539
1800.0,329,340,10.150988034143026,29.599107773636266
1800.0,336,1462,20.0,20.65957566134333
1800.0,336,41,8.19042372397648,21.44874887620525
1800.0,335,83,20.0,21.784102817187414
1800.0,335,41,8.19042372397648,21.452729292038747
1800.0,344,85,20.0,24.462795451624963
1800.0,344,212,8.19042372397648,25.22733810556227
1800.0,334,1419,20.0,21.34353356500514
1800.0,334,41,3.6191525520470407,21.695518657063005
1800.0,334,1461,4.571271171929439,22.906084308258592
1800.0,347,128,20.0,26.400789379498786
1800.0,347,255,8.19042372397648,27.36520362498284
1800.0,341,169,20.0,23.590286435066528
1800.0,341,42,8.19042372397648,22.23323181930367
1800.0,340,42,11.80957627602352,22.05800661420118
1800.0,340,84,16.38084744795296,22.704727623115346
1800.0,350,171,20.0,28.507208768768926
1800.0,350,213,8.19042372397648,27.96028025787135
1800.0,349,255,11.80957627602352,27.287671270969376
1800.0,349,213,11.80957627602352,27.863873106392965
1800.0,332,1461,15.428728828070561,22.492826070985338
1800.0,332,40,12.761694895905919,23.512752256575663
1800.0,333,40,7.238305104094081,23.84048538490063
1800.0,342,127,20.0,24.20221546046249
1800.0,330,1376,20.0,22.73877635879087
1800.0,330,1418,8.19042372397648,23.985561498887158
1800.0,338,126,20.0,22.26870033057351
1800.0,338,84,3.6191525520470407,22.663829565491312
1800.0,346,170,20.0,25.921598689984407
1800.0,346,212,8.19042372397648,25.358017140395674
1800.0,345,212,3.6191525520470407,25.160927397828203
1800.0,351,298,20.0,30.079306725009452
1800.0,351,256,8.19042372397648,31.01230100898838
1800.0,373,256,11.80957627602352,30.744545135593825
1800.0,352,1418,11.80957627602352,23.713205521238255
1800.0,352,1460,14.644991214137374,25.039808195818527
1800.0,374,1460,5.355008785862626,25.098643386470442
2700.0,8,1206,20.0,25.608940511447535
2700.0,8,411,20.0,24.78183105592162
2700.0,4,1163,20.0,26.919630884292115
2700.0,4,368,20.0,25.34408039127929
2700.0,20,583,20.0,34.82824271114728
2700.0,0,325,20.0,28.106931831715112
2700.0,0,1120,20.0,30.228744379173527
2700.0,9,454,20.0,25.846250408237534
2700.0,12,1249,20.0,26.26475587204206
2700.0,13,497,20.0,27.489101692774277
2700.0,19,1335,20.0,31.251103920391166
2700.0,14,1292,20.0,28.59024507302706
2700.0,21,1378,20.0,34.8278293791885
2700.0,18,540,20.0,30.799390553068587
2700.0,28,1205,20.0,24.31860919887671
2700.0,41,541,20.0,31.43330995243064
2700.0,24,1162,20.0,26.792926570724706
2700.0,31,1248,20.0,24.32288444550311
2700.0,35,1291,20.0,25.309463752156415
2700.0,37,498,20.0,27.414704520759667
2700.0,34,455,20.0,24.970498450392803
2700.0,52,412,20.0,22.933489139579052
2700.0,46,326,20.0,24.431882107494765
2700.0,44,1119,20.0,31.127601679463233
2700.0,49,369,20.0,22.013047643364615
2700.0,64,1377,20.0,30.834776225076567
2700.0,60,1334,20.0,27.25810680783983
2700.0,70,1204,20.0,23.769398171834517
2700.0,87,542,20.0,32.16472038483334
2700.0,67,1161,20.0,27.626334767541753
2700.0,83,499,20.0,27.874887519513173
2700.0,107,1376,20.0,27.349706389634463
2700.0,95,370,20.0,20.696467355725996
2700.0,95,1247,20.0,22.09335231179229
2700.0,97,413,20.0,22.323955912691268
2700.0,90,327,20.0,21.66293925809083
2700.0,89,284,20.0,24.801393626135827
2700.0,99,1290,20.0,22.462582680306895
2700.0,103,1333,20.0,23.52690872478953
2700.0,103,456,20.0,24.388908255527323
2700.0,109,1419,20.0,30.835929097743268
2700.0,112,1203,20.0,24.692531791124342
2700.0,141,1289,20.0,20.7925643785446
2700.0,141,371,18.81642780249682,19.788541848089668
2700.0,151,500,20.0,28.081399897911528
2700.0,151,1418,18.81642780249682,26.94629346093849
2700.0,148,457,20.0,24.468628990034258
2700.0,148,1375,18.81642780249682,23.299345114955013
2700.0,144,414,20.0,21.47848594998933
2700.0,144,1332,18.81642780249682,21.343094655415506
2700.0,133,285,20.0,21.39720836935247
2700.0,132,1160,20.0,29.47276917650544
2700.0,136,328,20.0,20.271867592307427
2700.0,147,1375,1.1835721975031817,23.59996458105495
2700.0,142,371,1.1835721975031817,20.20057275103153
2700.0,138,1246,20.0,21.480672942708427
2700.0,145,1332,1.1835721975031817,21.285252084075232
2700.0,153,1418,1.1835721975031817,27.18869206523305
2700.0,154,1202,20.0,26.834081745978242
2700.0,180,1245,20.0,22.46711312532313
2700.0,180,286,16.964482635011343,19.883617762450932
2700.0,181,286,3.0355173649886567,20.167594382991375
2700.0,195,458,20.0,25.72656721224935
2700.0,177,243,20.0,21.589588763102704
2700.0,182,1288,20.0,20.572901606574405
2700.0,182,329,16.964482635011343,19.42112886603373
2700.0,197,501,20.0,29.556564428161824
2700.0,197,1460,16.964482635011343,27.069787672930392
2700.0,184,329,3.0355173649886567,19.102307586950946
2700.0,189,1374,20.0,21.333592328240478
2700.0,189,415,16.964482635011343,22.466695877811617
2700.0,194,1417,20.0,23.1489081230318
2700.0,188,372,20.0,19.704558453530893
2700.0,188,1331,16.964482635011343,20.163185398547025
2700.0,187,1331,3.0355173649886567,19.701606332753656
2700.0,190,415,3.0355173649886567,22.09691081112561
2700.0,196,1460,3.0355173649886567,27.23890219760878
2700.0,203,1287,20.0,21.96190704943112
2700.0,206,1330,20.0,19.837574598935134
2700.0,219,459,20.0,27.52120705385488
2700.0,215,416,20.0,23.729961925542373
2700.0,199,1244,20.0,25.23750744380324
2700.0,235,1416,20.0,20.925948196991484
2700.0,241,39,20.0,27.180843054725358
2700.0,223,244,20.0,20.037778902986897
2700.0,240,1459,20.0,23.732413489236333
2700.0,232,1373,20.0,19.58040840271569
2700.0,232,373,14.707546860461392,20.416930164199055
2700.0,220,201,20.0,22.07302333149019
2700.0,226,287,20.0,18.97424153969541
2700.0,231,330,20.0,18.939711326491505
2700.0,233,373,5.292453139538608,20.10947106517107
2700.0,261,417,20.0,25.303933872933555
2700.0,261,38,13.434768588313403,23.599920875405513
2700.0,244,1286,20.0,24.14048476313988
2700.0,244,202,13.434768588313403,20.910629334764785
2700.0,251,1372,20.0,19.610689160654452
2700.0,251,288,13.434768588313403,19.060271185355834
2700.0,248,1329,20.0,20.910456899410832
2700.0,248,245,13.434768588313403,19.592388604279538
2700.0,258,374,20.0,21.768473834698412
2700.0,258,1458,13.434768588313403,21.65861408417701
2700.0,252,288,6.565231411686597,19.20819690361942
2700.0,262,38,6.565231411686597,23.717726686924934
2700.0,255,331,20.0,19.91283825794742
2700.0,255,1415,13.434768588313403,19.975211595162932
2700.0,247,245,6.565231411686597,19.629527291133222
2700.0,254,1415,6.565231411686597,19.89203002488975
2700.0,257,1458,6.565231411686597,21.72442757366164
2700.0,285,81,20.0,26.811772482285342
2700.0,266,202,6.565231411686597,20.36125982847528
2700.0,264,159,20.0,22.49284786805257
2700.0,264,1243,12.070347939487114,27.935700538865923
2700.0,306,375,20.0,23.576425059927658
2700.0,306,80,10.618024696141244,22.795632442896213
2700.0,302,332,20.0,20.94721937251927
2700.0,302,37,10.618024696141244,21.286739497131926
2700.0,297,289,20.0,19.861609576467153
2700.0,297,1457,10.618024696141244,20.250095352905202
2700.0,298,1457,9.381975303858756,19.93356690632873
2700.0,304,80,9.381975303858756,23.02859661179979
2700.0,294,246,20.0,18.98829148988239
2700.0,294,1414,10.618024696141244,19.466452399597472
2700.0,293,1371,20.0,20.84247174487857
2700.0,293,203,10.618024696141244,19.999645961426015
2700.0,295,1414,9.381975303858756,19.27165778894737
2700.0,289,1328,20.0,23.184893352669782
2700.0,289,160,10.618024696141244,20.92354113993317
2700.0,288,160,9.381975303858756,20.745590694834952
2700.0,286,1285,20.0,27.07281650089652
2700.0,286,117,10.618024696141244,22.73381403253929
2700.0,290,203,9.381975303858756,19.885385839701694
2700.0,303,37,9.381975303858756,21.463869416759348
2700.0,307,418,20.0,28.126725019230953
2700.0,318,204,20.0,19.409273988995196
2700.0,318,1456,9.081779575336057,19.829023005255117
2700.0,323,290,20.0,21.21897263225057
2700.0,323,79,9.081779575336057,21.026475283721027
2700.0,319,36,20.0,20.248829688148774
2700.0,319,247,9.081779575336057,20.11225948463144
2700.0,322,247,10.918220424663943,20.156820956495842
2700.0,322,79,10.918220424663943,21.342120937797738
2700.0,312,1413,20.0,20.94449282463428
2700.0,312,161,9.081779575336057,20.15533326775618
2700.0,315,161,10.918220424663943,20.07154459704941
2700.0,311,1370,20.0,23.309454087138747
2700.0,311,118,9.081779575336057,20.863021738740684
2700.0,316,1456,10.918220424663943,19.76608722542317
2700.0,328,333,20.0,23.12668078628433
2700.0,328,122,9.081779575336057,22.157288992329963
2700.0,310,118,10.918220424663943,20.779000037825732
2700.0,327,122,10.918220424663943,22.054564013255323
2700.0,308,117,9.381975303858756,22.49120077599201
2700.0,308,1327,19.6998042714773,26.53721339090623
2700.0,329,123,20.0,25.683699239794823
2700.0,336,119,20.0,19.6941583819994
2700.0,336,1455,7.465823318164585,20.98584727996357
2700.0,335,1455,12.534176681835415,20.803011086720794
2700.0,335,34,14.93164663632917,21.400912173161686
2700.0,344,205,20.0,20.07153120502149
2700.0,344,163,7.465823318164585,20.227350041940582
2700.0,334,34,5.0683533636708304,21.245225127325945
2700.0,334,76,20.0,20.942521316636387
2700.0,347,248,20.0,21.118950678568996
2700.0,347,206,7.465823318164585,21.477334380272136
2700.0,341,78,20.0,19.7052754015468
2700.0,341,120,7.465823318164585,19.63940508569316
2700.0,340,162,20.0,19.292252952086024
2700.0,340,120,7.465823318164585,19.681888003999887
2700.0,350,291,20.0,23.03784487687197
2700.0,350,249,7.465823318164585,23.614326244129707
2700.0,349,164,20.0,21.62866195619338
2700.0,349,206,7.465823318164585,21.731225836066248
2700.0,332,1412,20.0,23.12685724699886
2700.0,332,1454,7.465823318164585,23.632624882833813
2700.0,342,120,5.0683533636708304,19.84131193932082
2700.0,330,33,20.0,22.919515812148944
2700.0,330,75,7.465823318164585,22.566117432296295
2700.0,338,35,20.0,19.76871465822737
2700.0,338,77,7.465823318164585,19.962731928998526
2700.0,348,206,5.0683533636708304,21.485396423109364
2700.0,346,121,20.0,20.458991260199454
2700.0,345,163,12.534176681835415,20.335113198089573
2700.0,337,77,12.534176681835415,19.904614015403382
2700.0,351,249,12.534176681835415,23.525141328543903
2700.0,351,207,14.93164663632917,24.096718847270896
2700.0,331,1454,12.534176681835415,23.386980701488064
2700.0,331,75,12.534176681835415,23.00237842868617
2700.0,373,207,5.0683533636708304,23.950708852563697
2700.0,352,1369,20.0,26.592673525690444
2700.0,352,1327,0.3001957285226986,26.729000156992026
3600.0,8,447,20.0,20.494740794308882
3600.0,4,1156,20.0,24.77229030225049
3600.0,4,404,20.0,22.789200569432982
3600.0,20,1371,20.0,27.01047228875465
3600.0,20,576,20.0,30.42716344992114
3600.0,0,1113,20.0,30.55941454830932
3600.0,9,1242,20.0,17.549505820653295
3600.0,12,490,20.0,22.04386215504976
3600.0,12,1285,20.0,19.062458711078055
3600.0,7,1199,20.0,20.35405187013541
3600.0,2,361,20.0,25.54276943013275
3600.0,18,1328,20.0,22.827351703293115
3600.0,17,533,20.0,26.10660794022117
3600.0,23,1155,20.0,27.17104810528052
3600.0,39,534,20.0,26.878739983656267
3600.0,32,448,20.0,20.079685743951433
3600.0,42,577,20.0,31.453397503533335
3600.0,26,362,20.0,22.377024979738888
3600.0,22,319,20.0,27.39839974148237
3600.0,29,405,20.0,19.640142508268088
3600.0,36,491,20.0,22.868616547083306
3600.0,58,1327,20.0,19.429102604734794
3600.0,62,1370,20.0,23.32343901632581
3600.0,52,1241,20.0,17.075597737405314
3600.0,49,1198,20.0,20.59165227094523
3600.0,65,1413,20.0,28.268434633668928
3600.0,56,1284,20.0,16.779921098093016
3600.0,82,492,20.0,23.83900123107332
3600.0,75,406,20.0,18.9686092030024
3600.0,78,449,20.0,20.533656614181982
3600.0,86,535,20.0,27.74418022642815
3600.0,107,1412,20.0,24.408938324164666
3600.0,95,1240,20.0,17.709746605338246
3600.0,105,1369,20.0,20.188483012037114
3600.0,97,1283,20.0,16.541591254411827
3600.0,90,320,20.0,23.0629278443783
3600.0,90,1197,19.157541752385825,23.062981551604786
3600.0,92,363,20.0,19.13488239780255
3600.0,92,1197,0.8424582476141751,23.38716571293503
3600.0,101,1326,20.0,17.23615146118334
3600.0,88,1154,20.0,28.927533679967055
3600.0,131,536,20.0,28.75251171621923
3600.0,127,493,20.0,24.77418623128765
3600.0,121,407,20.0,19.452991150492856
3600.0,124,450,20.0,21.528967281211894
3600.0,141,1282,20.0,17.315644660615842
3600.0,151,1411,20.0,21.159398290879707
3600.0,144,1325,20.0,17.11802820302766
3600.0,133,1196,20.0,25.25039295268259
3600.0,133,278,17.76936150763533,24.37239439067482
3600.0,132,278,2.230638492364669,24.26898266566884
3600.0,136,321,20.0,19.910997026006505
3600.0,136,1239,17.76936150763533,20.047942167879796
3600.0,147,1368,20.0,18.23139464004894
3600.0,135,1239,2.230638492364669,20.42159533231299
3600.0,138,364,20.0,18.32663060591857
3600.0,153,1454,20.0,25.834997204276863
3600.0,167,408,20.0,20.425318509198412
3600.0,173,494,20.0,26.034408812619343
3600.0,170,451,20.0,22.44915850319145
3600.0,180,279,20.0,21.587812190898628
3600.0,181,1281,20.0,19.512194808804857
3600.0,181,322,15.967372234460179,19.286349267953145
3600.0,195,1453,20.0,22.452995110526334
3600.0,177,1238,20.0,22.78040817659487
3600.0,182,322,4.0326277655398215,19.084478481640172
3600.0,184,1324,20.0,17.613506092702085
3600.0,184,365,15.967372234460179,18.76400079782271
3600.0,189,1367,20.0,17.91985693199949
3600.0,192,1410,20.0,18.98613762376252
3600.0,176,236,20.0,25.43885239069269
3600.0,176,1195,15.967372234460179,27.934227355645096
3600.0,185,365,4.0326277655398215,18.351677440856758
3600.0,213,409,20.0,21.321447091406352
3600.0,216,452,20.0,23.876036190606236
3600.0,203,280,20.0,20.69196602890248
3600.0,206,323,20.0,19.908370202446797
3600.0,210,366,20.0,19.83066339334431
3600.0,198,1195,4.0326277655398215,27.84326173811973
3600.0,235,1409,20.0,19.019057846060868
3600.0,241,32,20.0,23.627159202028626
3600.0,241,495,13.77131690442775,28.619317021921354
3600.0,223,1280,20.0,21.91956361399971
3600.0,223,237,13.77131690442775,22.448770045209983
3600.0,236,1452,20.0,20.4908215468165
3600.0,220,1237,20.0,24.946034456038213
3600.0,220,237,6.228683095572251,22.297467314754687
3600.0,226,1323,20.0,19.91068740214828
3600.0,231,1366,20.0,18.412415858480493
3600.0,261,410,20.0,22.94235959794995
3600.0,256,367,20.0,20.68949711233771
3600.0,256,1495,12.53287160172195,20.306823572298967
3600.0,252,324,20.0,20.683659196772627
3600.0,252,1408,12.53287160172195,19.54543533463753
3600.0,262,453,20.0,26.93745448831708
3600.0,243,195,20.0,23.564879163912913
3600.0,243,1279,12.53287160172195,24.947196409988262
3600.0,245,1322,20.0,22.87549539826326
3600.0,245,238,12.53287160172195,21.5180616636253
3600.0,247,238,7.467128398278049,21.45461524013199
3600.0,253,1408,7.467128398278049,19.468890063044977
3600.0,242,1279,7.467128398278049,24.916631330383133
3600.0,250,281,20.0,20.653412368227745
3600.0,250,1365,12.53287160172195,21.17441194094087
3600.0,249,1365,7.467128398278049,21.10709816064523
3600.0,263,495,6.228683095572251,28.773182109981878
3600.0,281,31,20.0,21.426668114273333
3600.0,284,74,20.0,24.86987965448852
3600.0,280,1495,7.467128398278049,20.304353746836753
3600.0,306,411,20.0,25.77073947437008
3600.0,306,116,9.79210887932041,25.550435875582515
3600.0,302,368,20.0,22.465513628679986
3600.0,302,30,9.79210887932041,21.377176321309424
3600.0,297,282,20.0,21.017476143258627
3600.0,297,1494,9.79210887932041,20.237254493667557
3600.0,298,1494,10.20789112067959,20.406789331817258
3600.0,304,73,20.0,22.663104971492867
3600.0,294,239,20.0,21.105141055781797
3600.0,294,1451,9.79210887932041,21.478582915343164
3600.0,293,1451,10.20789112067959,21.49013226639145
3600.0,289,196,20.0,22.213446700778306
3600.0,289,1364,9.79210887932041,23.355361362383356
3600.0,288,1321,20.0,25.234644796896795
3600.0,288,153,9.79210887932041,24.720127830334146
3600.0,286,153,10.20789112067959,24.33681322679644
3600.0,299,325,20.0,21.363728455194007
3600.0,299,30,9.79210887932041,21.286161639935834
3600.0,290,1364,10.20789112067959,23.160465305846895
3600.0,301,30,0.4157822413591816,21.05135860265207
3600.0,307,116,10.20789112067959,25.369496819323818
3600.0,318,240,20.0,21.770217095502737
3600.0,318,29,8.297303699738691,21.327189688766016
3600.0,323,283,20.0,21.96208496325489
3600.0,323,72,8.297303699738691,22.140429777331526
3600.0,319,29,11.702696300261309,21.271808778284665
3600.0,322,72,11.702696300261309,22.03499597176188
3600.0,312,154,20.0,23.116763027777267
3600.0,312,1450,8.297303699738691,23.853748718570436
3600.0,315,197,20.0,22.047262591425387
3600.0,315,1493,8.297303699738691,22.486241468243797
3600.0,311,1450,11.702696300261309,23.957733717062744
3600.0,316,1493,11.702696300261309,22.54624530333189
3600.0,328,369,20.0,25.55065811040417
3600.0,328,158,8.297303699738691,25.400471444135736
3600.0,324,326,20.0,23.229847295625454
3600.0,324,115,8.297303699738691,23.498031216318754
3600.0,310,111,20.0,25.227948905389336
3600.0,310,1407,8.297303699738691,26.007195941504257
3600.0,327,115,11.702696300261309,23.477956125969087
3600.0,309,1407,11.702696300261309,25.7280498221463
3600.0,329,158,11.702696300261309,25.292400903091288
3600.0,336,28,20.0,23.139592154949433
3600.0,336,70,6.724937577637455,24.035493162826135
3600.0,335,112,20.0,23.56763641247731
3600.0,335,70,6.724937577637455,24.066333354715272
3600.0,344,114,20.0,22.569553018266056
3600.0,344,241,6.724937577637455,22.568602648249346
3600.0,334,1492,20.0,24.632786545590502
3600.0,334,70,6.55012484472509,24.33106136955362
3600.0,334,27,0.17481273291236477,25.510274547143847
3600.0,347,157,20.0,23.06936302697654
3600.0,347,284,6.724937577637455,23.51625219321087
3600.0,341,198,20.0,22.337711723760133
3600.0,341,71,6.724937577637455,22.250796128147822
3600.0,340,71,13.275062422362545,22.11565569877213
3600.0,340,113,13.44987515527491,23.203730504949615
3600.0,350,200,20.0,24.775422344289723
3600.0,350,242,6.724937577637455,24.097880814869125
3600.0,349,284,13.275062422362545,23.36207080220722
3600.0,349,242,13.275062422362545,24.02771741084498
3600.0,332,69,20.0,25.103730274633122
3600.0,332,27,6.724937577637455,25.144833646487854
3600.0,333,27,13.10024968945018,25.214510239477743
3600.0,342,156,20.0,22.840666150217455
3600.0,330,1449,20.0,26.080328907605242
3600.0,330,1491,6.724937577637455,27.2224948453496
3600.0,338,155,20.0,22.684375688430794
3600.0,338,113,6.55012484472509,23.214390870224513
3600.0,346,241,13.275062422362545,22.629462577914897
3600.0,346,199,13.44987515527491,23.07355211595148
3600.0,345,199,6.55012484472509,23.154319085415114
3600.0,351,327,20.0,25.984864174758332
3600.0,373,285,20.0,26.638539173727814
3600.0,352,1491,13.275062422362545,26.941296320527666
3600.0,352,26,11.804257836901002,27.99002136268344
3600.0,374,26,8.195742163098998,28.06784129829233
4500.0,8,440,20.0,23.010112916809355
4500.0,8,1235,19.489853872475372,22.319015290722756
4500.0,4,397,20.0,23.183380143853334
4500.0,4,1192,19.489853872475372,23.248901463948656
4500.0,20,656,20.0,32.56986357166657
4500.0,20,1365,19.489853872475372,31.382170231802203
4500.0,0,354,20.0,25.159686942303342
4500.0,0,1149,19.489853872475372,25.468487186390572
4500.0,9,1235,0.510146127524628,22.444452664441336
4500.0,12,1278,20.0,22.37511384353143
4500.0,12,527,19.489853872475372,23.22801779426159
4500.0,10,527,0.510146127524628,23.03248209371153
4500.0,10,1236,20.0,24.97371986294329
4500.0,6,1192,0.510146127524628,23.453520490102058
4500.0,13,570,20.0,25.003297511572683
4500.0,13,1279,19.489853872475372,26.076312668399893
4500.0,19,1364,20.0,27.275813976631653
4500.0,19,613,19.489853872475372,28.30432268203097
4500.0,2,1149,0.510146127524628,25.064438587498863
4500.0,14,1321,20.0,24.61271607565918
4500.0,14,1279,0.510146127524628,26.088981673607755
4500.0,21,1365,0.510146127524628,31.34398393114798
4500.0,18,613,0.510146127524628,27.856859609945996
4500.0,17,1322,20.0,28.302639980336522
4500.0,28,398,20.0,21.10330184142073
4500.0,41,614,20.0,28.50933268315806
4500.0,39,571,20.0,24.594449113858992
4500.0,32,441,20.0,20.914642813721994
4500.0,24,355,20.0,23.04329006898368
4500.0,35,484,20.0,21.694758803070975
4500.0,58,1320,20.0,21.072919638542572
4500.0,62,1407,20.0,23.811178306128646
4500.0,46,1191,20.0,22.814562385697293
4500.0,44,1148,20.0,26.030995435492123
4500.0,44,312,18.984879465938754,26.519234259376116
4500.0,54,1277,20.0,20.274005860890036
4500.0,64,1450,20.0,27.162849772310015
4500.0,50,1234,20.0,20.71480943670727
4500.0,76,442,20.0,19.479216587765944
4500.0,80,485,20.0,21.371128144979217
4500.0,70,356,20.0,20.585759613263697
4500.0,73,399,20.0,18.610267010278086
4500.0,87,615,20.0,29.385878151559503
4500.0,66,313,20.0,24.021187729100856
4500.0,84,528,20.0,24.806308028616513
4500.0,107,1449,20.0,23.391014124828338
4500.0,95,1276,20.0,19.02713640155274
4500.0,90,1190,20.0,23.72893526891336
4500.0,99,1363,20.0,19.0741568520426
4500.0,103,1406,20.0,20.395947113635255
4500.0,92,1233,20.0,20.260881384933004
4500.0,112,314,20.0,21.482707969559087
4500.0,131,1492,20.0,27.78674659832475
4500.0,131,529,17.42956692796114,25.97162340015527
4500.0,127,486,20.0,22.041748576952532
4500.0,122,443,20.0,19.20034622129531
4500.0,116,357,20.0,18.10112108040983
4500.0,129,529,2.5704330720388597,25.868461587545347
4500.0,119,400,20.0,17.22763016708171
4500.0,141,1362,20.0,17.465545833488815
4500.0,148,1448,20.0,20.302196153368314
4500.0,132,1189,20.0,25.766440011116984
4500.0,132,271,16.70376345280723,24.725525469839088
4500.0,136,1232,20.0,21.643331432719098
4500.0,138,1319,20.0,18.187306397500116
4500.0,145,1405,20.0,18.34610015570613
4500.0,153,1491,20.0,23.928276218727948
4500.0,159,315,20.0,18.931266584205066
4500.0,173,487,20.0,23.070233993421777
4500.0,168,444,20.0,19.871681787769734
4500.0,175,530,20.0,28.049241015266695
4500.0,154,271,3.2962365471927697,24.73373175115326
4500.0,165,401,20.0,17.09074911253605
4500.0,155,272,20.0,22.35465867683672
4500.0,162,358,20.0,16.71237960956048
4500.0,180,1318,20.0,19.40821498021535
4500.0,195,1490,20.0,20.889512819841407
4500.0,177,1275,20.0,23.479460173958767
4500.0,197,26,20.0,24.698413416289114
4500.0,184,1361,20.0,16.919366610081877
4500.0,188,1404,20.0,16.961936753403123
4500.0,190,1447,20.0,18.198164668750106
4500.0,216,445,20.0,21.0093738849777
4500.0,211,402,20.0,17.92672222317468
4500.0,219,488,20.0,25.128759390439125
4500.0,201,273,20.0,19.656309151005907
4500.0,204,316,20.0,17.478191076517383
4500.0,209,359,20.0,16.664507371310414
4500.0,198,230,20.0,22.881545215568103
4500.0,235,1489,20.0,18.599438516766263
4500.0,223,1317,20.0,22.00929699744641
4500.0,240,25,20.0,21.48456694877376
4500.0,232,1446,20.0,16.58490046915135
4500.0,226,1360,20.0,18.278005005127
4500.0,228,1403,20.0,16.345009521295612
4500.0,261,446,20.0,23.26712360930923
4500.0,244,231,20.0,20.059702123558697
4500.0,244,1359,11.61501216981815,21.02117861123319
4500.0,251,317,20.0,17.11270551000374
4500.0,248,274,20.0,17.96371118433936
4500.0,248,1402,11.61501216981815,18.56367321477031
4500.0,258,403,20.0,19.104175657727595
4500.0,256,360,20.0,17.55036124084766
4500.0,242,188,20.0,23.367876214217468
4500.0,242,1274,11.61501216981815,26.631271307586402
4500.0,263,68,20.0,25.55192050078575
4500.0,281,24,20.0,19.20768797922041
4500.0,269,1402,8.38498783018185,18.070853544414035
4500.0,274,1445,20.0,16.21706222461937
4500.0,284,67,20.0,21.94291293977414
4500.0,284,404,10.324852936221067,22.119012375226333
4500.0,280,361,20.0,19.19837192349306
4500.0,273,275,20.0,18.166526493027018
4500.0,283,404,9.675147063778933,22.094181077081778
4500.0,266,1359,8.38498783018185,20.444527208638284
4500.0,278,1488,20.0,17.306338219877954
4500.0,264,1316,20.0,24.725339758498034
4500.0,277,318,20.0,18.412574469644383
4500.0,306,109,20.0,22.3243073841237
4500.0,302,66,20.0,20.078675669076475
4500.0,297,1487,20.0,17.23983480983228
4500.0,298,23,20.0,17.977991727793555
4500.0,293,232,20.0,18.489848078786245
4500.0,293,1444,8.951575388580483,18.297456501438006
4500.0,289,189,20.0,20.317554116742347
4500.0,289,1401,8.951575388580483,20.661340161504324
4500.0,288,1401,11.048424611419517,20.676231216038232
4500.0,286,146,20.0,23.50650589858472
4500.0,286,1358,8.951575388580483,23.859232710309655
4500.0,291,1444,11.048424611419517,18.2820054539764
4500.0,318,233,20.0,18.149637012677132
4500.0,318,22,7.498943585199136,17.658121576870556
4500.0,323,319,20.0,19.544236215102192
4500.0,323,108,7.498943585199136,20.436385279988592
4500.0,319,276,20.0,18.93766653988337
4500.0,319,65,7.498943585199136,18.988196502877113
4500.0,322,65,12.501056414800864,18.98228586413794
4500.0,312,147,20.0,20.911599694425238
4500.0,312,190,7.498943585199136,19.130729838825513
4500.0,315,190,12.501056414800864,18.868270960225267
4500.0,315,1486,14.997887170398272,19.025115234154185
4500.0,311,1443,20.0,20.775770192248597
4500.0,316,22,12.501056414800864,17.707463955847906
4500.0,328,362,20.0,21.462478499359246
4500.0,328,151,7.498943585199136,22.07137974633555
4500.0,324,108,12.501056414800864,20.325702047533188
4500.0,313,1486,5.002112829601728,18.859909240328975
4500.0,327,151,12.501056414800864,22.027415958885104
4500.0,309,1358,11.048424611419517,24.030400195355398
4500.0,308,104,20.0,23.344367492171088
4500.0,308,1400,7.498943585199136,23.991624347350797
4500.0,336,148,20.0,18.811944221295157
4500.0,336,21,5.97093908887889,19.461394737095365
4500.0,335,21,14.02906091112111,19.31729644358618
4500.0,335,63,11.94187817775778,20.253265116540987
4500.0,344,234,20.0,18.93958570181502
4500.0,344,192,5.97093908887889,19.643223981056682
4500.0,334,105,20.0,20.560003221888167
4500.0,334,63,5.97093908887889,20.12283721815719
4500.0,347,277,20.0,19.89944377408689
4500.0,347,235,5.97093908887889,20.59748929165675
4500.0,341,107,20.0,18.981461407438605
4500.0,341,191,5.97093908887889,18.767062084767062
4500.0,340,191,14.02906091112111,18.58931595797266
4500.0,340,149,11.94187817775778,19.134903986555244
4500.0,350,320,20.0,21.922381155578258
4500.0,350,278,5.97093908887889,22.788783878334232
4500.0,349,193,20.0,21.138494995772092
4500.0,349,235,5.97093908887889,20.802186985081807
4500.0,332,1485,20.0,21.06571101061303
4500.0,332,20,5.97093908887889,22.167757953303866
4500.0,333,63,2.0871827333633313,20.241537092637763
4500.0,342,149,8.05812182224222,19.2435946555663
4500.0,330,62,20.0,22.413723450584882
4500.0,330,1400,5.97093908887889,23.67383946913154
4500.0,338,64,20.0,18.13043238576285
4500.0,338,106,5.97093908887889,18.917326342896523
4500.0,348,235,8.05812182224222,20.57840913323201
4500.0,346,150,20.0,20.072935544687905
4500.0,346,192,5.97093908887889,20.031002062806053
4500.0,345,192,8.05812182224222,19.72499825134109
4500.0,337,106,14.02906091112111,18.885890746155997
4500.0,351,278,14.02906091112111,22.681780117901905
4500.0,351,236,11.94187817775778,23.445129996464775
4500.0,331,20,14.02906091112111,21.945066907131544
4500.0,331,1400,6.5301173259219745,24.09793164439098
4500.0,373,236,8.05812182224222,23.246959535604258
4500.0,352,1442,20.0,23.936138463949653
5400.0,8,1272,20.0,23.329121180545513
5400.0,8,1273,18.328339913127735,24.403198596738434
5400.0,4,1229,20.0,26.254528922123725
5400.0,20,649,20.0,27.95896825428552
5400.0,20,1444,18.328339913127735,30.121467413222117
5400.0,0,1186,20.0,29.834558435096426
5400.0,0,391,18.328339913127735,29.079942348749633
5400.0,9,520,20.0,20.290050069438827
5400.0,9,1273,1.671660086872265,24.352224680051776
5400.0,12,563,20.0,21.06802351059132
5400.0,12,1316,18.328339913127735,24.38995312244413
5400.0,7,477,20.0,22.01175037681151
5400.0,10,1315,20.0,21.617098529141387
5400.0,13,1358,20.0,22.52819787529865
5400.0,19,1402,20.0,29.5212917462596
5400.0,2,434,20.0,24.90152483283117
5400.0,2,1187,18.328339913127735,29.81663246184996
5400.0,21,1444,1.671660086872265,29.938674719174244
5400.0,18,1401,20.0,25.822916071161057
5400.0,17,606,20.0,23.650582056874633
5400.0,5,1230,20.0,26.481852970593593
5400.0,15,1359,20.0,26.310225500794456
5400.0,41,607,20.0,24.40452246864917
5400.0,23,392,20.0,25.94621927152343
5400.0,32,521,20.0,18.753713279812747
5400.0,26,435,20.0,21.954038570475674
5400.0,22,391,1.671660086872265,29.433734980245227
5400.0,29,478,20.0,19.475156038560833
5400.0,43,650,20.0,29.184605821260956
5400.0,36,564,20.0,20.558897622844405
5400.0,52,1314,20.0,20.7365524785075
5400.0,46,1228,20.0,26.780582030495342
5400.0,49,1271,20.0,23.117813699238333
5400.0,63,1443,20.0,26.221830070421852
5400.0,57,1357,20.0,19.998493171175454
5400.0,60,1400,20.0,22.0258414720558
5400.0,82,565,20.0,21.130893463072447
5400.0,76,479,20.0,17.466858119936095
5400.0,80,522,20.0,18.298325319162394
5400.0,72,436,20.0,19.466639923511902
5400.0,68,393,20.0,22.894453147834774
5400.0,87,608,20.0,25.381822528401266
5400.0,66,350,20.0,27.537512899774836
5400.0,95,1313,20.0,20.830802801599816
5400.0,105,1442,20.0,22.498242146398773
5400.0,89,1227,20.0,28.199843231068442
5400.0,99,1356,20.0,19.003447704318
5400.0,92,1270,20.0,23.906715233881574
5400.0,101,1399,20.0,19.595962904672763
5400.0,109,1485,20.0,27.799392404577038
5400.0,125,523,20.0,18.720880314216195
5400.0,131,609,20.0,28.264056884941198
5400.0,122,480,20.0,17.130057650164943
5400.0,115,394,20.0,20.417534113417723
5400.0,129,566,20.0,22.365870838060122
5400.0,110,351,20.0,24.353693145217562
5400.0,117,437,20.0,17.707456475464348
5400.0,141,1355,20.0,19.262315369908077
5400.0,151,1484,20.0,24.038685643274356
5400.0,148,1441,20.0,20.094931019827392
5400.0,144,1398,20.0,18.560561986150397
5400.0,133,1269,20.0,25.00651680284817
5400.0,136,1312,20.0,21.72191555172997
5400.0,167,481,20.0,17.852820578290615
5400.0,173,567,20.0,25.536039539583083
5400.0,156,308,20.0,21.776597060002988
5400.0,171,524,20.0,19.97957735963802
5400.0,163,438,20.0,17.38277019159544
5400.0,175,20,20.0,29.444337148990193
5400.0,154,265,20.0,25.289349607432964
5400.0,161,395,20.0,18.41391824663801
5400.0,181,1354,20.0,20.205642170997155
5400.0,178,1311,20.0,22.88322785922354
5400.0,197,19,20.0,25.72567285752187
5400.0,189,1440,20.0,19.052230626074405
5400.0,192,1483,20.0,21.495725034489602
5400.0,176,1268,20.0,27.944283149675773
5400.0,185,1397,20.0,18.89180492685859
5400.0,213,482,20.0,19.25768748444845
5400.0,216,525,20.0,23.283143190254638
5400.0,211,439,20.0,18.110217439187828
5400.0,200,266,20.0,22.526812743911893
5400.0,203,309,20.0,19.503951584229046
5400.0,206,352,20.0,18.114532615811882
5400.0,235,1482,20.0,20.61188086718743
5400.0,241,61,20.0,26.381235978212942
5400.0,223,1353,20.0,21.30737351062342
5400.0,220,1310,20.0,25.742398944883796
5400.0,220,223,11.85322674104755,26.7851946264338
5400.0,226,1396,20.0,19.82047961809882
5400.0,237,18,20.0,22.96616627537907
5400.0,231,1439,20.0,19.305819740362235
5400.0,261,483,20.0,22.28336534943249
5400.0,244,224,20.0,23.98754606434165
5400.0,251,310,20.0,19.240423042522796
5400.0,248,267,20.0,20.728669434051923
5400.0,258,396,20.0,19.553284876471217
5400.0,252,353,20.0,19.079522988836562
5400.0,263,526,20.0,26.23068210672956
5400.0,281,60,20.0,23.732882682188453
5400.0,281,397,9.432908891192952,22.882789213531893
5400.0,269,1395,20.0,20.926156453489074
5400.0,274,1481,20.0,20.688044685432974
5400.0,271,1438,20.0,20.040523409433963
5400.0,271,268,9.432908891192952,20.441845505819654
5400.0,284,103,20.0,27.04309894628662
5400.0,272,268,10.567091108807048,20.420224814899438
5400.0,280,17,20.0,22.07590823311988
5400.0,285,440,20.0,25.77984175904324
5400.0,282,397,10.567091108807048,22.767140504266617
5400.0,266,1352,20.0,24.530523362907672
5400.0,268,225,20.0,22.067776877120693
5400.0,278,354,20.0,20.49894242125932
5400.0,275,311,20.0,20.188514668995417
5400.0,265,182,20.0,25.284988067928474
5400.0,302,59,20.0,22.948326661947075
5400.0,297,16,20.0,22.053136877481272
5400.0,304,102,20.0,24.305694207546097
5400.0,294,1480,20.0,21.446159683627677
5400.0,289,1437,20.0,21.8451005332525
5400.0,288,1394,20.0,24.445166985079517
5400.0,307,145,20.0,26.992668273058193
5400.0,318,269,20.0,20.855679938897286
5400.0,318,58,6.690117932294289,22.788679652799022
5400.0,323,312,20.0,21.114373623890604
5400.0,323,101,6.690117932294289,23.26578823514749
5400.0,319,58,13.309882067705711,22.685339088402404
5400.0,322,101,13.309882067705711,23.21689024143499
5400.0,312,183,20.0,22.60065803588705
5400.0,312,1479,6.690117932294289,22.710046897339904
5400.0,315,226,20.0,21.331761613818948
5400.0,315,15,6.690117932294289,22.742690188442467
5400.0,311,1479,13.309882067705711,22.86009794518298
5400.0,316,15,13.309882067705711,22.745982094588893
5400.0,328,398,20.0,25.80528498859845
5400.0,328,187,6.690117932294289,26.512368044609325
5400.0,324,355,20.0,23.576101587978627
5400.0,310,140,20.0,25.645670304087183
5400.0,310,1436,6.690117932294289,24.990816069606456
5400.0,327,144,20.0,24.643890936695346
5400.0,327,313,6.690117932294289,24.47653157482464
5400.0,309,1436,13.309882067705711,24.77502936989356
5400.0,326,313,13.309882067705711,24.463523043274584
5400.0,329,187,13.309882067705711,26.38024400618958
5400.0,320,227,20.0,22.464430369626772
5400.0,336,57,20.0,23.059798455825735
5400.0,336,141,5.207056589173678,23.47252366769381
5400.0,335,141,14.792943410826322,23.284555773387172
5400.0,335,99,10.414113178347357,23.55033115789578
5400.0,344,270,20.0,22.02154116751413
5400.0,344,143,5.207056589173678,23.217889230050684
5400.0,334,14,20.0,23.78327262708862
5400.0,334,56,5.207056589173678,24.973823321949936
5400.0,347,186,20.0,23.74150376686385
5400.0,347,228,5.207056589173678,23.099739160219208
5400.0,341,100,20.0,23.020909224350454
5400.0,341,185,5.207056589173678,23.11823126451788
5400.0,340,142,20.0,22.920397138737563
5400.0,340,184,5.207056589173678,22.533047629128202
5400.0,350,229,20.0,25.50395080725541
5400.0,350,271,5.207056589173678,24.79567474025816
5400.0,349,271,14.792943410826322,24.752363084158777
5400.0,332,98,20.0,25.14001688532159
5400.0,332,56,5.207056589173678,24.655168225653235
5400.0,333,56,9.585886821652643,24.698277371082455
5400.0,342,185,14.792943410826322,22.871107668530268
5400.0,342,143,10.414113178347357,23.4762211228984
5400.0,330,1478,20.0,25.458601522738856
5400.0,330,13,5.207056589173678,26.740382651200303
5400.0,338,184,14.792943410826322,22.12631591260508
5400.0,346,228,14.792943410826322,22.957125023377266
5400.0,345,143,4.378830232478965,23.461042484469505
5400.0,337,99,9.585886821652643,23.68135964097189
5400.0,351,356,20.0,26.265253198670877
5400.0,373,314,20.0,27.207488274963726
5400.0,352,13,14.792943410826322,26.46302211282865
5400.0,352,55,8.861961045236843,27.540969446327114
5400.0,374,55,11.138038954763157,27.64167350671556
6300.0,8,513,20.0,23.559525908208037
6300.0,8,1266,17.156770700049783,27.8608990576503
6300.0,4,470,20.0,28.369989003893345
6300.0,4,1223,17.156770700049783,31.826849195165202
6300.0,20,1438,20.0,28.268466912672935
6300.0,20,1437,17.156770700049783,24.500206991260832
6300.0,0,427,20.0,33.19835549954758
6300.0,0,1180,17.156770700049783,36.258024907095034
6300.0,9,1308,20.0,24.22879651097667
6300.0,12,556,20.0,20.56054661397734
6300.0,12,1351,17.156770700049783,22.666760729705327
6300.0,7,1266,2.8432292999502167,27.6817600097394
6300.0,10,1309,20.0,25.111684115925215
6300.0,6,1265,20.0,27.99399835688149
6300.0,13,1351,2.8432292999502167,22.69469837746083
6300.0,13,1352,20.0,24.8417637361701
6300.0,19,642,20.0,22.383251486341766
6300.0,19,1437,2.8432292999502167,24.450349788332158
6300.0,2,1222,20.0,32.22188193108843
6300.0,14,599,20.0,21.13163680887545
6300.0,21,685,20.0,27.153889566439744
6300.0,1,1180,2.8432292999502167,36.40896895490144
6300.0,3,1223,2.8432292999502167,31.945765794833598
6300.0,18,1395,20.0,25.25492518702915
6300.0,16,1394,20.0,22.257580568148775
6300.0,28,471,20.0,24.59463227657044
6300.0,41,643,20.0,23.074689007206324
6300.0,39,600,20.0,19.031648904949943
6300.0,32,514,20.0,20.410627488100555
6300.0,26,428,20.0,29.61679834234688
6300.0,22,385,20.0,33.783590883282756
6300.0,22,1179,16.96986650245443,36.76878113441842
6300.0,35,557,20.0,18.81528539164173
6300.0,58,1393,20.0,20.383464960021204
6300.0,62,1436,20.0,21.36149789251045
6300.0,52,1307,20.0,24.792924260606902
6300.0,44,1221,20.0,32.71740328379975
6300.0,54,1350,20.0,22.04171749776634
6300.0,48,1264,20.0,28.596503101079666
6300.0,82,558,20.0,17.407911844547694
6300.0,70,429,20.0,25.536067375646763
6300.0,77,515,20.0,18.84836542414414
6300.0,68,386,20.0,30.140903004914076
6300.0,73,472,20.0,21.71333590545382
6300.0,87,1479,20.0,24.464938951249522
6300.0,87,644,16.292852639174278,24.7243005252625
6300.0,84,601,20.0,19.617379662255736
6300.0,97,1349,20.0,22.355853054943225
6300.0,90,1263,20.0,29.138704024146122
6300.0,94,1306,20.0,25.460242470599376
6300.0,109,644,3.707147360825722,24.68385314980285
6300.0,100,1392,20.0,19.71527021567516
6300.0,104,1435,20.0,19.468565271441015
6300.0,112,387,20.0,26.383870609262313
6300.0,131,602,20.0,21.29133129312836
6300.0,131,1478,15.218206687611648,21.770650374954947
6300.0,127,559,20.0,17.750799779225044
6300.0,116,430,20.0,22.339655275003782
6300.0,129,1478,4.781793312388352,21.27046759641395
6300.0,110,344,20.0,30.517800468268074
6300.0,110,1220,15.218206687611648,33.73956287365427
6300.0,121,473,20.0,20.11949095924416
6300.0,123,516,20.0,17.1259513843341
6300.0,132,1262,20.0,30.06380709100034
6300.0,136,1305,20.0,26.114781691373366
6300.0,142,1391,20.0,20.203266665142877
6300.0,139,1348,20.0,23.14322172496437
6300.0,146,1434,20.0,18.749994596440953
6300.0,159,388,20.0,22.9819419459283
6300.0,167,474,20.0,18.38680040162421
6300.0,173,560,20.0,19.56396795333805
6300.0,156,345,20.0,26.69769143259147
6300.0,168,517,20.0,18.201892982852907
6300.0,171,1477,20.0,19.356198664360722
6300.0,163,431,20.0,20.7453400860486
6300.0,174,13,20.0,22.833485941345725
6300.0,180,1347,20.0,23.969925688054225
6300.0,177,1304,20.0,27.086895664165702
6300.0,184,1390,20.0,21.0267702202997
6300.0,188,1433,20.0,19.23733274268913
6300.0,191,1476,20.0,19.169053041225734
6300.0,213,475,20.0,18.84695867840319
6300.0,216,12,20.0,20.736068621574553
6300.0,216,518,11.92734224481477,19.563863325797875
6300.0,203,346,20.0,23.745555868220983
6300.0,206,389,20.0,21.463240650325517
6300.0,210,432,20.0,19.307878217369122
6300.0,219,561,20.0,22.622279620914846
6300.0,219,55,11.92734224481477,24.224555161728244
6300.0,215,518,8.07265775518523,19.649020683507874
6300.0,198,303,20.0,27.325926646406643
6300.0,241,55,8.07265775518523,24.1634167439435
6300.0,241,519,20.0,23.11835724390159
6300.0,223,1346,20.0,25.160028059756204
6300.0,240,54,20.0,22.345852675987487
6300.0,236,11,20.0,20.288031533687587
6300.0,232,1475,20.0,19.5211221330759
6300.0,220,1303,20.0,29.565345115716894
6300.0,226,1389,20.0,21.884869352334363
6300.0,228,1432,20.0,20.199845159912837
6300.0,244,304,20.0,24.236811401863907
6300.0,251,390,20.0,19.81345796231346
6300.0,248,347,20.0,21.868563758559862
6300.0,258,476,20.0,20.545738288232013
6300.0,256,433,20.0,19.595627196770916
6300.0,243,261,20.0,27.370693241803426
6300.0,281,53,20.0,21.09366895053712
6300.0,281,434,8.533243265538253,21.630526050526523
6300.0,269,1431,20.0,21.054818669544197
6300.0,269,305,8.533243265538253,23.014502630318365
6300.0,274,1474,20.0,20.14194798445569
6300.0,274,348,8.533243265538253,20.662316025720248
6300.0,271,305,11.466756734461747,22.997349710421094
6300.0,284,96,20.0,22.91016997260675
6300.0,284,477,8.533243265538253,23.645495788629706
6300.0,280,434,11.466756734461747,21.576300402603387
6300.0,273,348,11.466756734461747,20.650673443983823
6300.0,285,477,11.466756734461747,23.76839836380717
6300.0,266,1388,20.0,23.199813904213286
6300.0,266,262,8.533243265538253,24.26180552233294
6300.0,278,10,20.0,20.471085398449837
6300.0,278,391,8.533243265538253,20.790993252768082
6300.0,267,262,11.466756734461747,24.232658420940357
6300.0,264,1345,20.0,27.42790629997007
6300.0,264,219,8.533243265538253,27.016185224287824
6300.0,277,391,11.466756734461747,20.601960404813873
6300.0,306,138,20.0,23.746770254220454
6300.0,306,435,7.241099741533635,24.581870790008608
6300.0,302,95,20.0,22.0854868242839
6300.0,302,392,7.241099741533635,22.504257189412186
6300.0,298,52,20.0,21.539337574276317
6300.0,293,1473,20.0,21.44311800392608
6300.0,295,9,20.0,21.305178257574276
6300.0,289,1430,20.0,22.61510830322805
6300.0,286,219,11.466756734461747,26.512552908209564
6300.0,286,1387,15.774343007071888,26.15300461992232
6300.0,299,349,20.0,21.46314283278588
6300.0,305,435,12.758900258466365,24.65078724754766
6300.0,318,306,20.0,21.160373534899993
6300.0,318,51,5.874290256643096,21.999113529046173
6300.0,323,392,12.758900258466365,22.185692498792577
6300.0,323,137,13.115389998176731,22.66666569645141
6300.0,322,307,20.0,22.38011507741627
6300.0,312,176,20.0,23.89525697546305
6300.0,315,263,20.0,22.504188852181148
6300.0,315,8,5.874290256643096,22.5706085916824
6300.0,311,1472,20.0,22.978860763577288
6300.0,311,134,5.874290256643096,23.84224502019184
6300.0,321,94,20.0,21.98229536952339
6300.0,317,51,14.125709743356904,21.945089999127276
6300.0,328,180,20.0,24.150124260455055
6300.0,328,393,5.874290256643096,25.121268753600205
6300.0,324,137,6.884610001823269,22.51739887144998
6300.0,324,350,18.989680254819827,23.098250794173964
6300.0,313,8,14.125709743356904,22.50970315893227
6300.0,309,1387,4.225656992928112,26.08742721231113
6300.0,309,133,20.0,26.287945700907677
6300.0,308,1429,20.0,25.954096106378476
6300.0,308,91,5.874290256643096,25.793987040067776
6300.0,329,393,14.125709743356904,25.13782831254552
6300.0,325,350,1.0103197451801726,23.020482754880895
6300.0,314,177,20.0,23.023211592390556
6300.0,336,50,20.0,22.88205936500921
6300.0,336,135,4.4365611406589665,22.769898728326122
6300.0,335,92,20.0,23.20733113292257
6300.0,335,134,4.4365611406589665,23.676556397917526
6300.0,344,221,20.0,22.50975435748236
6300.0,344,179,4.4365611406589665,22.843361280111584
6300.0,334,134,9.689148602697937,23.339160807327016
6300.0,347,264,20.0,23.52922579698564
6300.0,347,222,4.4365611406589665,24.271554063050775
6300.0,341,220,20.0,21.725682461773484
6300.0,341,178,4.4365611406589665,21.90143102033143
6300.0,340,178,15.563438859341034,21.998949093152003
6300.0,340,93,8.873122281317933,22.518015128600634
6300.0,350,351,20.0,25.394007296951838
6300.0,350,222,4.4365611406589665,24.14445323239069
6300.0,349,222,11.126877718682067,23.94090583524263
6300.0,332,7,20.0,23.79612640384186
6300.0,332,49,4.4365611406589665,24.90364557277386
6300.0,342,136,20.0,22.04880609649232
6300.0,330,91,14.125709743356904,25.19439537747783
6300.0,330,49,10.310851397302063,24.750315113093823
6300.0,338,93,11.126877718682067,22.261507368343604
6300.0,338,135,13.3096834219769,22.535798672200023
6300.0,346,179,15.563438859341034,22.703946009840653
6300.0,337,135,2.253755437364134,22.531791993637245
6300.0,351,265,20.0,25.875962131908956
6300.0,351,223,4.4365611406589665,26.31468541540694
6300.0,331,49,5.252587462038971,24.703625960838345
6300.0,352,1471,20.0,26.018552469995445
