latitude_deg,longitude_deg,area_weight,availability1,availability2,mean_multiplicity,max_gap_time_min,max_double_gap_time_min
4.0,73.0,0.0013679890560875513,1.0,1.0,2.388888888888889,0.0,0.0
4.0,74.98333884677,0.0013679890560875513,1.0,1.0,2.4097222222222223,0.0,0.0
4.0,76.966677693539,0.0013679890560875513,1.0,1.0,2.4131944444444446,0.0,0.0
4.0,78.950016540309,0.0013679890560875513,1.0,1.0,2.3958333333333335,0.0,0.0
4.0,80.933355387079,0.0013679890560875513,1.0,1.0,2.423611111111111,0.0,0.0
4.0,82.916694233848,0.0013679890560875513,1.0,1.0,2.40625,0.0,0.0
4.0,84.900033080618,0.0013679890560875513,1.0,1.0,2.3854166666666665,0.0,0.0
4.0,86.883371927388,0.0013679890560875513,1.0,1.0,2.420138888888889,0.0,0.0
4.0,88.866710774157,0.0013679890560875513,1.0,1.0,2.420138888888889,0.0,0.0
4.0,90.850049620927,0.0013679890560875513,1.0,1.0,2.423611111111111,0.0,0.0
4.0,92.833388467697,0.0013679890560875513,1.0,1.0,2.4270833333333335,0.0,0.0
4.0,94.816727314466,0.0013679890560875513,1.0,1.0,2.3958333333333335,0.0,0.0
4.0,96.800066161236,0.0013679890560875513,1.0,1.0,2.4027777777777777,0.0,0.0
4.0,98.783405008006,0.0013679890560875513,1.0,1.0,2.4131944444444446,0.0,0.0
4.0,100.766743854775,0.0013679890560875513,1.0,1.0,2.3993055555555554,0.0,0.0
4.0,102.750082701545,0.0013679890560875513,1.0,1.0,2.420138888888889,0.0,0.0
4.0,104.733421548315,0.0013679890560875513,1.0,1.0,2.4409722222222223,0.0,0.0
4.0,106.716760395084,0.0013679890560875513,1.0,1.0,2.3993055555555554,0.0,0.0
4.0,108.700099241854,0.0013679890560875513,1.0,1.0,2.4131944444444446,0.0,0.0
4.0,110.683438088624,0.0013679890560875513,1.0,1.0,2.423611111111111,0.0,0.0
4.0,112.666776935393,0.0013679890560875513,1.0,1.0,2.4027777777777777,0.0,0.0
4.0,114.650115782163,0.0013679890560875513,1.0,1.0,2.4131944444444446,0.0,0.0
4.0,116.633454628933,0.0013679890560875513,1.0,1.0,2.4270833333333335,0.0,0.0
4.0,118.616793475702,0.0013679890560875513,1.0,1.0,2.40625,0.0,0.0
4.0,120.600132322472,0.0013679890560875513,1.0,1.0,2.420138888888889,0.0,0.0
4.0,122.583471169242,0.0013679890560875513,1.0,1.0,2.420138888888889,0.0,0.0
4.0,124.566810016011,0.0013679890560875513,1.0,1.0,2.40625,0.0,0.0
4.0,126.550148862781,0.0013679890560875513,1.0,1.0,2.420138888888889,0.0,0.0
4.0,128.533487709551,0.0013679890560875513,1.0,1.0,2.4131944444444446,0.0,0.0
4.0,130.51682655632,0.0013679890560875513,1.0,1.0,2.3993055555555554,0.0,0.0
4.0,132.50016540309,0.0013679890560875513,1.0,1.0,2.4305555555555554,0.0,0.0
4.0,134.48350424986,0.0013679890560875513,1.0,1.0,2.3993055555555554,0.0,0.0
4.0,135.0,0.0013679890560875513,1.0,1.0,2.4166666666666665,0.0,0.0
5.978507533021,73.0,0.0013679890560875513,1.0,1.0,2.4270833333333335,0.0,0.0
5.978507533021,74.989327414166,0.0013679890560875513,1.0,1.0,2.4131944444444446,0.0,0.0
5.978507533021,76.978654828331,0.0013679890560875513,1.0,1.0,2.4305555555555554,0.0,0.0
5.978507533021,78.967982242497,0.0013679890560875513,1.0,1.0,2.4305555555555554,0.0,0.0
5.978507533021,80.957309656663,0.0013679890560875513,1.0,1.0,2.420138888888889,0.0,0.0
5.978507533021,82.946637070829,0.0013679890560875513,1.0,1.0,2.4131944444444446,0.0,0.0
5.978507533021,84.935964484994,0.0013679890560875513,1.0,1.0,2.4340277777777777,0.0,0.0
5.978507533021,86.92529189916,0.0013679890560875513,1.0,1.0,2.40625,0.0,0.0
5.978507533021,88.914619313326,0.0013679890560875513,1.0,1.0,2.4270833333333335,0.0,0.0
5.978507533021,90.903946727492,0.0013679890560875513,1.0,1.0,2.420138888888889,0.0,0.0
5.978507533021,92.893274141657,0.0013679890560875513,1.0,1.0,2.420138888888889,0.0,0.0
5.978507533021,94.882601555823,0.0013679890560875513,1.0,1.0,2.4166666666666665,0.0,0.0
5.978507533021,96.871928969989,0.0013679890560875513,1.0,1.0,2.4340277777777777,0.0,0.0
5.978507533021,98.861256384155,0.0013679890560875513,1.0,1.0,2.40625,0.0,0.0
5.978507533021,100.85058379832,0.0013679890560875513,1.0,1.0,2.4270833333333335,0.0,0.0
5.978507533021,102.839911212486,0.0013679890560875513,1.0,1.0,2.4375,0.0,0.0
5.978507533021,104.829238626652,0.0013679890560875513,1.0,1.0,2.4270833333333335,0.0,0.0
5.978507533021,106.818566040818,0.0013679890560875513,1.0,1.0,2.4305555555555554,0.0,0.0
5.978507533021,108.807893454983,0.0013679890560875513,1.0,1.0,2.420138888888889,0.0,0.0
5.978507533021,110.797220869149,0.0013679890560875513,1.0,1.0,2.40625,0.0,0.0
5.978507533021,112.786548283315,0.0013679890560875513,1.0,1.0,2.4375,0.0,0.0
5.978507533021,114.775875697481,0.0013679890560875513,1.0,1.0,2.4305555555555554,0.0,0.0
5.978507533021,116.765203111646,0.0013679890560875513,1.0,1.0,2.4270833333333335,0.0,0.0
5.978507533021,118.754530525812,0.0013679890560875513,1.0,1.0,2.4131944444444446,0.0,0.0
5.978507533021,120.743857939978,0.0013679890560875513,1.0,1.0,2.423611111111111,0.0,0.0
5.978507533021,122.733185354144,0.0013679890560875513,1.0,1.0,2.4027777777777777,0.0,0.0
5.978507533021,124.722512768309,0.0013679890560875513,1.0,1.0,2.420138888888889,0.0,0.0
5.978507533021,126.711840182475,0.0013679890560875513,1.0,1.0,2.454861111111111,0.0,0.0
5.978507533021,128.701167596641,0.0013679890560875513,1.0,1.0,2.4340277777777777,0.0,0.0
5.978507533021,130.690495010807,0.0013679890560875513,1.0,1.0,2.420138888888889,0.0,0.0
5.978507533021,132.679822424972,0.0013679890560875513,1.0,1.0,2.4340277777777777,0.0,0.0
5.978507533021,134.669149839138,0.0013679890560875513,1.0,1.0,2.4027777777777777,0.0,0.0
5.978507533021,135.0,0.0013679890560875513,1.0,1.0,2.4444444444444446,0.0,0.0
7.957015066042,73.0,0.0013679890560875513,1.0,1.0,2.454861111111111,0.0,0.0
7.957015066042,74.997741384136,0.0013679890560875513,1.0,1.0,2.4340277777777777,0.0,0.0
7.957015066042,76.995482768273,0.0013679890560875513,1.0,1.0,2.4444444444444446,0.0,0.0
7.957015066042,78.993224152409,0.0013679890560875513,1.0,1.0,2.4305555555555554,0.0,0.0
7.957015066042,80.990965536546,0.0013679890560875513,1.0,1.0,2.4444444444444446,0.0,0.0
7.957015066042,82.988706920682,0.0013679890560875513,1.0,1.0,2.4270833333333335,0.0,0.0
7.957015066042,84.986448304818,0.0013679890560875513,1.0,1.0,2.451388888888889,0.0,0.0
7.957015066042,86.984189688955,0.0013679890560875513,1.0,1.0,2.4479166666666665,0.0,0.0
7.957015066042,88.981931073091,0.0013679890560875513,1.0,1.0,2.4305555555555554,0.0,0.0
7.957015066042,90.979672457227,0.0013679890560875513,1.0,1.0,2.46875,0.0,0.0
7.957015066042,92.977413841364,0.0013679890560875513,1.0,1.0,2.4375,0.0,0.0
7.957015066042,94.9751552255,0.0013679890560875513,1.0,1.0,2.4131944444444446,0.0,0.0
7.957015066042,96.972896609636,0.0013679890560875513,1.0,1.0,2.451388888888889,0.0,0.0
7.957015066042,98.970637993773,0.0013679890560875513,1.0,1.0,2.4340277777777777,0.0,0.0
7.957015066042,100.968379377909,0.0013679890560875513,1.0,1.0,2.4340277777777777,0.0,0.0
7.957015066042,102.966120762046,0.0013679890560875513,1.0,1.0,2.4652777777777777,0.0,0.0
7.957015066042,104.963862146182,0.0013679890560875513,1.0,1.0,2.4375,0.0,0.0
7.957015066042,106.961603530318,0.0013679890560875513,1.0,1.0,2.4270833333333335,0.0,0.0
7.957015066042,108.959344914455,0.0013679890560875513,1.0,1.0,2.4583333333333335,0.0,0.0
7.957015066042,110.957086298591,0.0013679890560875513,1.0,1.0,2.4340277777777777,0.0,0.0
7.957015066042,112.954827682728,0.0013679890560875513,1.0,1.0,2.4305555555555554,0.0,0.0
7.957015066042,114.952569066864,0.0013679890560875513,1.0,1.0,2.4722222222222223,0.0,0.0
7.957015066042,116.950310451,0.0013679890560875513,1.0,1.0,2.4166666666666665,0.0,0.0
7.957015066042,118.948051835137,0.0013679890560875513,1.0,1.0,2.423611111111111,0.0,0.0
7.957015066042,120.945793219273,0.0013679890560875513,1.0,1.0,2.4583333333333335,0.0,0.0
7.957015066042,122.943534603409,0.0013679890560875513,1.0,1.0,2.4340277777777777,0.0,0.0
7.957015066042,124.941275987546,0.0013679890560875513,1.0,1.0,2.4409722222222223,0.0,0.0
7.957015066042,126.939017371682,0.0013679890560875513,1.0,1.0,2.451388888888889,0.0,0.0
7.957015066042,128.936758755819,0.0013679890560875513,1.0,1.0,2.4097222222222223,0.0,0.0
7.957015066042,130.934500139955,0.0013679890560875513,1.0,1.0,2.423611111111111,0.0,0.0
7.957015066042,132.932241524091,0.0013679890560875513,1.0,1.0,2.482638888888889,0.0,0.0
7.957015066042,134.929982908228,0.0013679890560875513,1.0,1.0,2.4305555555555554,0.0,0.0
7.957015066042,135.0,0.0013679890560875513,1.0,1.0,2.4444444444444446,0.0,0.0
9.935522599064,73.0,0.0013679890560875513,1.0,1.0,2.4409722222222223,0.0,0.0
9.935522599064,75.008631903333,0.0013679890560875513,1.0,1.0,2.4756944444444446,0.0,0.0
9.935522599064,77.017263806666,0.0013679890560875513,1.0,1.0,2.4583333333333335,0.0,0.0
9.935522599064,79.025895709999,0.0013679890560875513,1.0,1.0,2.4409722222222223,0.0,0.0
9.935522599064,81.034527613332,0.0013679890560875513,1.0,1.0,2.4722222222222223,0.0,0.0
9.935522599064,83.043159516665,0.0013679890560875513,1.0,1.0,2.4652777777777777,0.0,0.0
9.935522599064,85.051791419998,0.0013679890560875513,1.0,1.0,2.4652777777777777,0.0,0.0
9.935522599064,87.06042332333,0.0013679890560875513,1.0,1.0,2.4618055555555554,0.0,0.0
9.935522599064,89.069055226663,0.0013679890560875513,1.0,1.0,2.4722222222222223,0.0,0.0
9.935522599064,91.077687129996,0.0013679890560875513,1.0,1.0,2.46875,0.0,0.0
9.935522599064,93.086319033329,0.0013679890560875513,1.0,1.0,2.4652777777777777,0.0,0.0
9.935522599064,95.094950936662,0.0013679890560875513,1.0,1.0,2.4756944444444446,0.0,0.0
9.935522599064,97.103582839995,0.0013679890560875513,1.0,1.0,2.486111111111111,0.0,0.0
9.935522599064,99.112214743328,0.0013679890560875513,1.0,1.0,2.4583333333333335,0.0,0.0
9.935522599064,101.120846646661,0.0013679890560875513,1.0,1.0,2.454861111111111,0.0,0.0
9.935522599064,103.129478549994,0.0013679890560875513,1.0,1.0,2.46875,0.0,0.0
9.935522599064,105.138110453327,0.0013679890560875513,1.0,1.0,2.4583333333333335,0.0,0.0
9.935522599064,107.14674235666,0.0013679890560875513,1.0,1.0,2.4722222222222223,0.0,0.0
9.935522599064,109.155374259993,0.0013679890560875513,1.0,1.0,2.4722222222222223,0.0,0.0
9.935522599064,111.164006163326,0.0013679890560875513,1.0,1.0,2.454861111111111,0.0,0.0
9.935522599064,113.172638066659,0.0013679890560875513,1.0,1.0,2.4722222222222223,0.0,0.0
9.935522599064,115.181269969991,0.0013679890560875513,1.0,1.0,2.4479166666666665,0.0,0.0
9.935522599064,117.189901873324,0.0013679890560875513,1.0,1.0,2.4583333333333335,0.0,0.0
9.935522599064,119.198533776657,0.0013679890560875513,1.0,1.0,2.454861111111111,0.0,0.0
9.935522599064,121.20716567999,0.0013679890560875513,1.0,1.0,2.4618055555555554,0.0,0.0
9.935522599064,123.215797583323,0.0013679890560875513,1.0,1.0,2.4583333333333335,0.0,0.0
9.935522599064,125.224429486656,0.0013679890560875513,1.0,1.0,2.46875,0.0,0.0
9.935522599064,127.233061389989,0.0013679890560875513,1.0,1.0,2.4895833333333335,0.0,0.0
9.935522599064,129.241693293322,0.0013679890560875513,1.0,1.0,2.4479166666666665,0.0,0.0
9.935522599064,131.250325196655,0.0013679890560875513,1.0,1.0,2.451388888888889,0.0,0.0
9.935522599064,133.258957099988,0.0013679890560875513,1.0,1.0,2.4722222222222223,0.0,0.0
9.935522599064,135.0,0.0013679890560875513,1.0,1.0,2.454861111111111,0.0,0.0
11.914030132085,73.0,0.0013679890560875513,1.0,1.0,2.46875,0.0,0.0
11.914030132085,75.022065943101,0.0013679890560875513,1.0,1.0,2.4965277777777777,0.0,0.0
11.914030132085,77.044131886203,0.0013679890560875513,1.0,1.0,2.4756944444444446,0.0,0.0
11.914030132085,79.066197829304,0.0013679890560875513,1.0,1.0,2.4895833333333335,0.0,0.0
11.914030132085,81.088263772406,0.0013679890560875513,1.0,1.0,2.5,0.0,0.0
11.914030132085,83.110329715507,0.0013679890560875513,1.0,1.0,2.5381944444444446,0.0,0.0
11.914030132085,85.132395658609,0.0013679890560875513,1.0,1.0,2.4722222222222223,0.0,0.0
11.914030132085,87.15446160171,0.0013679890560875513,1.0,1.0,2.4756944444444446,0.0,0.0
11.914030132085,89.176527544812,0.0013679890560875513,1.0,1.0,2.5034722222222223,0.0,0.0
11.914030132085,91.198593487913,0.0013679890560875513,1.0,1.0,2.4618055555555554,0.0,0.0
11.914030132085,93.220659431015,0.0013679890560875513,1.0,1.0,2.4756944444444446,0.0,0.0
11.914030132085,95.242725374116,0.0013679890560875513,1.0,1.0,2.5069444444444446,0.0,0.0
11.914030132085,97.264791317218,0.0013679890560875513,1.0,1.0,2.4930555555555554,0.0,0.0
11.914030132085,99.286857260319,0.0013679890560875513,1.0,1.0,2.4722222222222223,0.0,0.0
11.914030132085,101.308923203421,0.0013679890560875513,1.0,1.0,2.5208333333333335,0.0,0.0
11.914030132085,103.330989146522,0.0013679890560875513,1.0,1.0,2.5,0.0,0.0
11.914030132085,105.353055089623,0.0013679890560875513,1.0,1.0,2.4791666666666665,0.0,0.0
11.914030132085,107.375121032725,0.0013679890560875513,1.0,1.0,2.486111111111111,0.0,0.0
11.914030132085,109.397186975826,0.0013679890560875513,1.0,1.0,2.486111111111111,0.0,0.0
11.914030132085,111.419252918928,0.0013679890560875513,1.0,1.0,2.4722222222222223,0.0,0.0
11.914030132085,113.441318862029,0.0013679890560875513,1.0,1.0,2.5277777777777777,0.0,0.0
11.914030132085,115.463384805131,0.0013679890560875513,1.0,1.0,2.517361111111111,0.0,0.0
11.914030132085,117.485450748232,0.0013679890560875513,1.0,1.0,2.482638888888889,0.0,0.0
11.914030132085,119.507516691334,0.0013679890560875513,1.0,1.0,2.4965277777777777,0.0,0.0
11.914030132085,121.529582634435,0.0013679890560875513,1.0,1.0,2.5243055555555554,0.0,0.0
11.914030132085,123.551648577537,0.0013679890560875513,1.0,1.0,2.4652777777777777,0.0,0.0
11.914030132085,125.573714520638,0.0013679890560875513,1.0,1.0,2.4756944444444446,0.0,0.0
11.914030132085,127.59578046374,0.0013679890560875513,1.0,1.0,2.5,0.0,0.0
11.914030132085,129.617846406841,0.0013679890560875513,1.0,1.0,2.46875,0.0,0.0
11.914030132085,131.639912349943,0.0013679890560875513,1.0,1.0,2.4965277777777777,0.0,0.0
11.914030132085,133.661978293044,0.0013679890560875513,1.0,1.0,2.53125,0.0,0.0
11.914030132085,135.0,0.0013679890560875513,1.0,1.0,2.4756944444444446,0.0,0.0
13.892537665106,73.0,0.0013679890560875513,1.0,1.0,2.5069444444444446,0.0,0.0
13.892537665106,75.038127320091,0.0013679890560875513,1.0,1.0,2.5104166666666665,0.0,0.0
13.892537665106,77.076254640182,0.0013679890560875513,1.0,1.0,2.53125,0.0,0.0
13.892537665106,79.114381960274,0.0013679890560875513,1.0,1.0,2.5208333333333335,0.0,0.0
13.892537665106,81.152509280365,0.0013679890560875513,1.0,1.0,2.548611111111111,0.0,0.0
13.892537665106,83.190636600456,0.0013679890560875513,1.0,1.0,2.5416666666666665,0.0,0.0
13.892537665106,85.228763920547,0.0013679890560875513,1.0,1.0,2.5347222222222223,0.0,0.0
13.892537665106,87.266891240639,0.0013679890560875513,1.0,1.0,2.5347222222222223,0.0,0.0
13.892537665106,89.30501856073,0.0013679890560875513,1.0,1.0,2.5555555555555554,0.0,0.0
13.892537665106,91.343145880821,0.0013679890560875513,1.0,1.0,2.5243055555555554,0.0,0.0
13.892537665106,93.381273200912,0.0013679890560875513,1.0,1.0,2.5208333333333335,0.0,0.0
13.892537665106,95.419400521003,0.0013679890560875513,1.0,1.0,2.5555555555555554,0.0,0.0
13.892537665106,97.457527841095,0.0013679890560875513,1.0,1.0,2.4965277777777777,0.0,0.0
13.892537665106,99.495655161186,0.0013679890560875513,1.0,1.0,2.517361111111111,0.0,0.0
13.892537665106,101.533782481277,0.0013679890560875513,1.0,1.0,2.5347222222222223,0.0,0.0
13.892537665106,103.571909801368,0.0013679890560875513,1.0,1.0,2.5277777777777777,0.0,0.0
13.892537665106,105.61003712146,0.0013679890560875513,1.0,1.0,2.5243055555555554,0.0,0.0
13.892537665106,107.648164441551,0.0013679890560875513,1.0,1.0,2.548611111111111,0.0,0.0
13.892537665106,109.686291761642,0.0013679890560875513,1.0,1.0,2.5208333333333335,0.0,0.0
13.892537665106,111.724419081733,0.0013679890560875513,1.0,1.0,2.545138888888889,0.0,0.0
13.892537665106,113.762546401824,0.0013679890560875513,1.0,1.0,2.5243055555555554,0.0,0.0
13.892537665106,115.800673721916,0.0013679890560875513,1.0,1.0,2.5381944444444446,0.0,0.0
13.892537665106,117.838801042007,0.0013679890560875513,1.0,1.0,2.513888888888889,0.0,0.0
13.892537665106,119.876928362098,0.0013679890560875513,1.0,1.0,2.548611111111111,0.0,0.0
13.892537665106,121.915055682189,0.0013679890560875513,1.0,1.0,2.517361111111111,0.0,0.0
13.892537665106,123.953183002281,0.0013679890560875513,1.0,1.0,2.5034722222222223,0.0,0.0
13.892537665106,125.991310322372,0.0013679890560875513,1.0,1.0,2.5208333333333335,0.0,0.0
13.892537665106,128.029437642463,0.0013679890560875513,1.0,1.0,2.545138888888889,0.0,0.0
13.892537665106,130.067564962554,0.0013679890560875513,1.0,1.0,2.5243055555555554,0.0,0.0
13.892537665106,132.105692282645,0.0013679890560875513,1.0,1.0,2.53125,0.0,0.0
13.892537665106,134.143819602737,0.0013679890560875513,1.0,1.0,2.548611111111111,0.0,0.0
13.892537665106,135.0,0.0013679890560875513,1.0,1.0,2.5277777777777777,0.0,0.0
15.871045198127,73.0,0.0013679890560875513,1.0,1.0,2.5833333333333335,0.0,0.0
15.871045198127,75.05691800035,0.0013679890560875513,1.0,1.0,2.576388888888889,0.0,0.0
15.871045198127,77.1138360007,0.0013679890560875513,1.0,1.0,2.5520833333333335,0.0,0.0
15.871045198127,79.17075400105,0.0013679890560875513,1.0,1.0,2.5694444444444446,0.0,0.0
15.871045198127,81.2276720014,0.0013679890560875513,1.0,1.0,2.5868055555555554,0.0,0.0
15.871045198127,83.284590001751,0.0013679890560875513,1.0,1.0,2.5729166666666665,0.0,0.0
15.871045198127,85.341508002101,0.0013679890560875513,1.0,1.0,2.545138888888889,0.0,0.0
15.871045198127,87.398426002451,0.0013679890560875513,1.0,1.0,2.5729166666666665,0.0,0.0
15.871045198127,89.455344002801,0.0013679890560875513,1.0,1.0,2.59375,0.0,0.0
15.871045198127,91.512262003151,0.0013679890560875513,1.0,1.0,2.548611111111111,0.0,0.0
15.871045198127,93.569180003501,0.0013679890560875513,1.0,1.0,2.5833333333333335,0.0,0.0
15.871045198127,95.626098003851,0.0013679890560875513,1.0,1.0,2.5590277777777777,0.0,0.0
15.871045198127,97.683016004201,0.0013679890560875513,1.0,1.0,2.5590277777777777,0.0,0.0
15.871045198127,99.739934004551,0.0013679890560875513,1.0,1.0,2.5659722222222223,0.0,0.0
15.871045198127,101.796852004902,0.0013679890560875513,1.0,1.0,2.59375,0.0,0.0
15.871045198127,103.853770005252,0.0013679890560875513,1.0,1.0,2.5625,0.0,0.0
15.871045198127,105.910688005602,0.0013679890560875513,1.0,1.0,2.5520833333333335,0.0,0.0
15.871045198127,107.967606005952,0.0013679890560875513,1.0,1.0,2.59375,0.0,0.0
15.871045198127,110.024524006302,0.0013679890560875513,1.0,1.0,2.5729166666666665,0.0,0.0
15.871045198127,112.081442006652,0.0013679890560875513,1.0,1.0,2.5555555555555554,0.0,0.0
15.871045198127,114.138360007002,0.0013679890560875513,1.0,1.0,2.579861111111111,0.0,0.0
15.871045198127,116.195278007352,0.0013679890560875513,1.0,1.0,2.59375,0.0,0.0
15.871045198127,118.252196007702,0.0013679890560875513,1.0,1.0,2.5381944444444446,0.0,0.0
15.871045198127,120.309114008052,0.0013679890560875513,1.0,1.0,2.576388888888889,0.0,0.0
15.871045198127,122.366032008403,0.0013679890560875513,1.0,1.0,2.5729166666666665,0.0,0.0
15.871045198127,124.422950008753,0.0013679890560875513,1.0,1.0,2.5659722222222223,0.0,0.0
15.871045198127,126.479868009103,0.0013679890560875513,1.0,1.0,2.5659722222222223,0.0,0.0
15.871045198127,128.536786009453,0.0013679890560875513,1.0,1.0,2.576388888888889,0.0,0.0
15.871045198127,130.593704009803,0.0013679890560875513,1.0,1.0,2.5625,0.0,0.0
15.871045198127,132.650622010153,0.0013679890560875513,1.0,1.0,2.5972222222222223,0.0,0.0
15.871045198127,134.707540010503,0.0013679890560875513,1.0,1.0,2.579861111111111,0.0,0.0
15.871045198127,135.0,0.0013679890560875513,1.0,1.0,2.5694444444444446,0.0,0.0
17.849552731148,73.0,0.0013679890560875513,1.0,1.0,2.6041666666666665,0.0,0.0
17.849552731148,75.078559725498,0.0013679890560875513,1.0,1.0,2.607638888888889,0.0,0.0
17.849552731148,77.157119450997,0.0013679890560875513,1.0,1.0,2.625,0.0,0.0
17.849552731148,79.235679176495,0.0013679890560875513,1.0,1.0,2.6006944444444446,0.0,0.0
17.849552731148,81.314238901993,0.0013679890560875513,1.0,1.0,2.6215277777777777,0.0,0.0
17.849552731148,83.392798627491,0.0013679890560875513,1.0,1.0,2.611111111111111,0.0,0.0
17.849552731148,85.47135835299,0.0013679890560875513,1.0,1.0,2.59375,0.0,0.0
17.849552731148,87.549918078488,0.0013679890560875513,1.0,1.0,2.625,0.0,0.0
17.849552731148,89.628477803986,0.0013679890560875513,1.0,1.0,2.6145833333333335,0.0,0.0
17.849552731148,91.707037529485,0.0013679890560875513,1.0,1.0,2.607638888888889,0.0,0.0
17.849552731148,93.785597254983,0.0013679890560875513,1.0,1.0,2.5972222222222223,0.0,0.0
17.849552731148,95.864156980481,0.0013679890560875513,1.0,1.0,2.6215277777777777,0.0,0.0
17.849552731148,97.942716705979,0.0013679890560875513,1.0,1.0,2.5902777777777777,0.0,0.0
17.849552731148,100.021276431478,0.0013679890560875513,1.0,1.0,2.611111111111111,0.0,0.0
17.849552731148,102.099836156976,0.0013679890560875513,1.0,1.0,2.6215277777777777,0.0,0.0
17.849552731148,104.178395882474,0.0013679890560875513,1.0,1.0,2.6041666666666665,0.0,0.0
17.849552731148,106.256955607972,0.0013679890560875513,1.0,1.0,2.5972222222222223,0.0,0.0
17.849552731148,108.335515333471,0.0013679890560875513,1.0,1.0,2.625,0.0,0.0
17.849552731148,110.414075058969,0.0013679890560875513,1.0,1.0,2.6006944444444446,0.0,0.0
17.849552731148,112.492634784467,0.0013679890560875513,1.0,1.0,2.59375,0.0,0.0
17.849552731148,114.571194509966,0.0013679890560875513,1.0,1.0,2.6354166666666665,0.0,0.0
17.849552731148,116.649754235464,0.0013679890560875513,1.0,1.0,2.6006944444444446,0.0,0.0
17.849552731148,118.728313960962,0.0013679890560875513,1.0,1.0,2.6006944444444446,0.0,0.0
17.849552731148,120.80687368646,0.0013679890560875513,1.0,1.0,2.6284722222222223,0.0,0.0
17.849552731148,122.885433411959,0.0013679890560875513,1.0,1.0,2.5972222222222223,0.0,0.0
17.849552731148,124.963993137457,0.0013679890560875513,1.0,1.0,2.6006944444444446,0.0,0.0
17.849552731148,127.042552862955,0.0013679890560875513,1.0,1.0,2.6180555555555554,0.0,0.0
17.849552731148,129.121112588454,0.0013679890560875513,1.0,1.0,2.6006944444444446,0.0,0.0
17.849552731148,131.199672313952,0.0013679890560875513,1.0,1.0,2.6006944444444446,0.0,0.0
17.849552731148,133.27823203945,0.0013679890560875513,1.0,1.0,2.6354166666666665,0.0,0.0
17.849552731148,135.0,0.0013679890560875513,1.0,1.0,2.6319444444444446,0.0,0.0
19.82806026417,73.0,0.0013679890560875513,1.0,1.0,2.6666666666666665,0.0,0.0
19.82806026417,75.103196010623,0.0013679890560875513,1.0,1.0,2.6770833333333335,0.0,0.0
19.82806026417,77.206392021245,0.0013679890560875513,1.0,1.0,2.673611111111111,0.0,0.0
19.82806026417,79.309588031868,0.0013679890560875513,1.0,1.0,2.6597222222222223,0.0,0.0
19.82806026417,81.412784042491,0.0013679890560875513,1.0,1.0,2.701388888888889,0.0,0.0
19.82806026417,83.515980053113,0.0013679890560875513,1.0,1.0,2.6666666666666665,0.0,0.0
19.82806026417,85.619176063736,0.0013679890560875513,1.0,1.0,2.6597222222222223,0.0,0.0
19.82806026417,87.722372074359,0.0013679890560875513,1.0,1.0,2.6875,0.0,0.0
19.82806026417,89.825568084981,0.0013679890560875513,1.0,1.0,2.673611111111111,0.0,0.0
19.82806026417,91.928764095604,0.0013679890560875513,1.0,1.0,2.6875,0.0,0.0
19.82806026417,94.031960106227,0.0013679890560875513,1.0,1.0,2.6840277777777777,0.0,0.0
19.82806026417,96.135156116849,0.0013679890560875513,1.0,1.0,2.6979166666666665,0.0,0.0
19.82806026417,98.238352127472,0.0013679890560875513,1.0,1.0,2.670138888888889,0.0,0.0
19.82806026417,100.341548138095,0.0013679890560875513,1.0,1.0,2.6875,0.0,0.0
19.82806026417,102.444744148717,0.0013679890560875513,1.0,1.0,2.670138888888889,0.0,0.0
19.82806026417,104.54794015934,0.0013679890560875513,1.0,1.0,2.6770833333333335,0.0,0.0
19.82806026417,106.651136169963,0.0013679890560875513,1.0,1.0,2.6875,0.0,0.0
19.82806026417,108.754332180585,0.0013679890560875513,1.0,1.0,2.6875,0.0,0.0
19.82806026417,110.857528191208,0.0013679890560875513,1.0,1.0,2.65625,0.0,0.0
19.82806026417,112.960724201831,0.0013679890560875513,1.0,1.0,2.6805555555555554,0.0,0.0
19.82806026417,115.063920212453,0.0013679890560875513,1.0,1.0,2.6944444444444446,0.0,0.0
19.82806026417,117.167116223076,0.0013679890560875513,1.0,1.0,2.6666666666666665,0.0,0.0
19.82806026417,119.270312233699,0.0013679890560875513,1.0,1.0,2.6875,0.0,0.0
19.82806026417,121.373508244321,0.0013679890560875513,1.0,1.0,2.670138888888889,0.0,0.0
19.82806026417,123.476704254944,0.0013679890560875513,1.0,1.0,2.6805555555555554,0.0,0.0
19.82806026417,125.579900265567,0.0013679890560875513,1.0,1.0,2.6875,0.0,0.0
19.82806026417,127.683096276189,0.0013679890560875513,1.0,1.0,2.6805555555555554,0.0,0.0
19.82806026417,129.786292286812,0.0013679890560875513,1.0,1.0,2.6597222222222223,0.0,0.0
19.82806026417,131.889488297435,0.0013679890560875513,1.0,1.0,2.6840277777777777,0.0,0.0
19.82806026417,133.992684308057,0.0013679890560875513,1.0,1.0,2.6840277777777777,0.0,0.0
19.82806026417,135.0,0.0013679890560875513,1.0,1.0,2.6805555555555554,0.0,0.0
21.806567797191,73.0,0.0013679890560875513,1.0,1.0,2.7256944444444446,0.0,0.0
21.806567797191,75.130994577089,0.0013679890560875513,1.0,1.0,2.763888888888889,0.0,0.0
21.806567797191,77.261989154177,0.0013679890560875513,1.0,1.0,2.7569444444444446,0.0,0.0
21.806567797191,79.392983731266,0.0013679890560875513,1.0,1.0,2.7604166666666665,0.0,0.0
21.806567797191,81.523978308355,0.0013679890560875513,1.0,1.0,2.7291666666666665,0.0,0.0
21.806567797191,83.654972885443,0.0013679890560875513,1.0,1.0,2.7291666666666665,0.0,0.0
21.806567797191,85.785967462532,0.0013679890560875513,1.0,1.0,2.7430555555555554,0.0,0.0
21.806567797191,87.916962039621,0.0013679890560875513,1.0,1.0,2.767361111111111,0.0,0.0
21.806567797191,90.047956616709,0.0013679890560875513,1.0,1.0,2.7430555555555554,0.0,0.0
21.806567797191,92.178951193798,0.0013679890560875513,1.0,1.0,2.732638888888889,0.0,0.0
21.806567797191,94.309945770887,0.0013679890560875513,1.0,1.0,2.763888888888889,0.0,0.0
21.806567797191,96.440940347975,0.0013679890560875513,1.0,1.0,2.7569444444444446,0.0,0.0
21.806567797191,98.571934925064,0.0013679890560875513,1.0,1.0,2.7395833333333335,0.0,0.0
21.806567797191,100.702929502153,0.0013679890560875513,1.0,1.0,2.7256944444444446,0.0,0.0
21.806567797191,102.833924079241,0.0013679890560875513,1.0,1.0,2.7430555555555554,0.0,0.0
21.806567797191,104.96491865633,0.0013679890560875513,1.0,1.0,2.732638888888889,0.0,0.0
21.806567797191,107.095913233419,0.0013679890560875513,1.0,1.0,2.78125,0.0,0.0
21.806567797191,109.226907810507,0.0013679890560875513,1.0,1.0,2.7465277777777777,0.0,0.0
21.806567797191,111.357902387596,0.0013679890560875513,1.0,1.0,2.7291666666666665,0.0,0.0
21.806567797191,113.488896964685,0.0013679890560875513,1.0,1.0,2.75,0.0,0.0
21.806567797191,115.619891541773,0.0013679890560875513,1.0,1.0,2.7569444444444446,0.0,0.0
21.806567797191,117.750886118862,0.0013679890560875513,1.0,1.0,2.7395833333333335,0.0,0.0
21.806567797191,119.881880695951,0.0013679890560875513,1.0,1.0,2.7465277777777777,0.0,0.0
21.806567797191,122.012875273039,0.0013679890560875513,1.0,1.0,2.75,0.0,0.0
21.806567797191,124.143869850128,0.0013679890560875513,1.0,1.0,2.736111111111111,0.0,0.0
21.806567797191,126.274864427217,0.0013679890560875513,1.0,1.0,2.7708333333333335,0.0,0.0
21.806567797191,128.405859004305,0.0013679890560875513,1.0,1.0,2.7291666666666665,0.0,0.0
21.806567797191,130.536853581394,0.0013679890560875513,1.0,1.0,2.71875,0.0,0.0
21.806567797191,132.667848158483,0.0013679890560875513,1.0,1.0,2.7604166666666665,0.0,0.0
21.806567797191,134.798842735571,0.0013679890560875513,1.0,1.0,2.7708333333333335,0.0,0.0
21.806567797191,135.0,0.0013679890560875513,1.0,1.0,2.7395833333333335,0.0,0.0
23.785075330212,73.0,0.0013679890560875513,1.0,1.0,2.826388888888889,0.0,0.0
23.785075330212,75.162150300337,0.0013679890560875513,1.0,1.0,2.8368055555555554,0.0,0.0
23.785075330212,77.324300600673,0.0013679890560875513,1.0,1.0,2.829861111111111,0.0,0.0
23.785075330212,79.48645090101,0.0013679890560875513,1.0,1.0,2.8020833333333335,0.0,0.0
23.785075330212,81.648601201347,0.0013679890560875513,1.0,1.0,2.826388888888889,0.0,0.0
23.785075330212,83.810751501683,0.0013679890560875513,1.0,1.0,2.829861111111111,0.0,0.0
23.785075330212,85.97290180202,0.0013679890560875513,1.0,1.0,2.8229166666666665,0.0,0.0
23.785075330212,88.135052102357,0.0013679890560875513,1.0,1.0,2.8368055555555554,0.0,0.0
23.785075330212,90.297202402693,0.0013679890560875513,1.0,1.0,2.8229166666666665,0.0,0.0
23.785075330212,92.45935270303,0.0013679890560875513,1.0,1.0,2.7881944444444446,0.0,0.0
23.785075330212,94.621503003367,0.0013679890560875513,1.0,1.0,2.8368055555555554,0.0,0.0
23.785075330212,96.783653303703,0.0013679890560875513,1.0,1.0,2.8229166666666665,0.0,0.0
23.785075330212,98.94580360404,0.0013679890560875513,1.0,1.0,2.8194444444444446,0.0,0.0
23.785075330212,101.107953904377,0.0013679890560875513,1.0,1.0,2.84375,0.0,0.0
23.785075330212,103.270104204713,0.0013679890560875513,1.0,1.0,2.8229166666666665,0.0,0.0
23.785075330212,105.43225450505,0.0013679890560875513,1.0,1.0,2.8194444444444446,0.0,0.0
23.785075330212,107.594404805387,0.0013679890560875513,1.0,1.0,2.8159722222222223,0.0,0.0
23.785075330212,109.756555105723,0.0013679890560875513,1.0,1.0,2.8402777777777777,0.0,0.0
23.785075330212,111.91870540606,0.0013679890560875513,1.0,1.0,2.8090277777777777,0.0,0.0
23.785075330212,114.080855706397,0.0013679890560875513,1.0,1.0,2.8402777777777777,0.0,0.0
23.785075330212,116.243006006733,0.0013679890560875513,1.0,1.0,2.8333333333333335,0.0,0.0
23.785075330212,118.40515630707,0.0013679890560875513,1.0,1.0,2.8159722222222223,0.0,0.0
23.785075330212,120.567306607407,0.0013679890560875513,1.0,1.0,2.8125,0.0,0.0
23.785075330212,122.729456907743,0.0013679890560875513,1.0,1.0,2.8055555555555554,0.0,0.0
23.785075330212,124.89160720808,0.0013679890560875513,1.0,1.0,2.8229166666666665,0.0,0.0
23.785075330212,127.053757508417,0.0013679890560875513,1.0,1.0,2.826388888888889,0.0,0.0
23.785075330212,129.215907808753,0.0013679890560875513,1.0,1.0,2.84375,0.0,0.0
23.785075330212,131.37805810909,0.0013679890560875513,1.0,1.0,2.826388888888889,0.0,0.0
23.785075330212,133.540208409427,0.0013679890560875513,1.0,1.0,2.8541666666666665,0.0,0.0
23.785075330212,135.0,0.0013679890560875513,1.0,1.0,2.8402777777777777,0.0,0.0
25.763582863233,73.0,0.0013679890560875513,1.0,1.0,2.9027777777777777,0.0,0.0
25.763582863233,75.196888773998,0.0013679890560875513,1.0,1.0,2.923611111111111,0.0,0.0
25.763582863233,77.393777547997,0.0013679890560875513,1.0,1.0,2.9097222222222223,0.0,0.0
25.763582863233,79.590666321995,0.0013679890560875513,1.0,1.0,2.9131944444444446,0.0,0.0
25.763582863233,81.787555095994,0.0013679890560875513,1.0,1.0,2.9027777777777777,0.0,0.0
25.763582863233,83.984443869992,0.0013679890560875513,1.0,1.0,2.9166666666666665,0.0,0.0
25.763582863233,86.18133264399,0.0013679890560875513,1.0,1.0,2.9305555555555554,0.0,0.0
25.763582863233,88.378221417989,0.0013679890560875513,1.0,1.0,2.9270833333333335,0.0,0.0
25.763582863233,90.575110191987,0.0013679890560875513,1.0,1.0,2.9166666666666665,0.0,0.0
25.763582863233,92.771998965985,0.0013679890560875513,1.0,1.0,2.9097222222222223,0.0,0.0
25.763582863233,94.968887739984,0.0013679890560875513,1.0,1.0,2.9166666666666665,0.0,0.0
25.763582863233,97.165776513982,0.0013679890560875513,1.0,1.0,2.9166666666666665,0.0,0.0
25.763582863233,99.362665287981,0.0013679890560875513,1.0,1.0,2.9305555555555554,0.0,0.0
25.763582863233,101.559554061979,0.0013679890560875513,1.0,1.0,2.9027777777777777,0.0,0.0
25.763582863233,103.756442835977,0.0013679890560875513,1.0,1.0,2.9027777777777777,0.0,0.0
25.763582863233,105.953331609976,0.0013679890560875513,1.0,1.0,2.9270833333333335,0.0,0.0
25.763582863233,108.150220383974,0.0013679890560875513,1.0,1.0,2.9097222222222223,0.0,0.0
25.763582863233,110.347109157972,0.0013679890560875513,1.0,1.0,2.9097222222222223,0.0,0.0
25.763582863233,112.543997931971,0.0013679890560875513,1.0,1.0,2.90625,0.0,0.0
25.763582863233,114.740886705969,0.0013679890560875513,1.0,1.0,2.90625,0.0,0.0
25.763582863233,116.937775479968,0.0013679890560875513,1.0,1.0,2.920138888888889,0.0,0.0
25.763582863233,119.134664253966,0.0013679890560875513,1.0,1.0,2.9097222222222223,0.0,0.0
25.763582863233,121.331553027964,0.0013679890560875513,1.0,1.0,2.9166666666666665,0.0,0.0
25.763582863233,123.528441801963,0.0013679890560875513,1.0,1.0,2.920138888888889,0.0,0.0
25.763582863233,125.725330575961,0.0013679890560875513,1.0,1.0,2.9097222222222223,0.0,0.0
25.763582863233,127.92221934996,0.0013679890560875513,1.0,1.0,2.9131944444444446,0.0,0.0
25.763582863233,130.119108123958,0.0013679890560875513,1.0,1.0,2.920138888888889,0.0,0.0
25.763582863233,132.315996897956,0.0013679890560875513,1.0,1.0,2.9131944444444446,0.0,0.0
25.763582863233,134.512885671955,0.0013679890560875513,1.0,1.0,2.920138888888889,0.0,0.0
25.763582863233,135.0,0.0013679890560875513,1.0,1.0,2.9027777777777777,0.0,0.0
27.742090396254,73.0,0.0013679890560875513,1.0,1.0,3.017361111111111,0.0,0.0
27.742090396254,75.235470618779,0.0013679890560875513,1.0,1.0,3.0277777777777777,0.0,0.0
27.742090396254,77.470941237559,0.0013679890560875513,1.0,1.0,3.0277777777777777,0.0,0.0
27.742090396254,79.706411856338,0.0013679890560875513,1.0,1.0,3.03125,0.0,0.0
27.742090396254,81.941882475118,0.0013679890560875513,1.0,1.0,3.03125,0.0,0.0
27.742090396254,84.177353093897,0.0013679890560875513,1.0,1.0,2.9930555555555554,0.0,0.0
27.742090396254,86.412823712677,0.0013679890560875513,1.0,1.0,3.013888888888889,0.0,0.0
27.742090396254,88.648294331456,0.0013679890560875513,1.0,1.0,3.0104166666666665,0.0,0.0
27.742090396254,90.883764950236,0.0013679890560875513,1.0,1.0,3.0347222222222223,0.0,0.0
27.742090396254,93.119235569015,0.0013679890560875513,1.0,1.0,3.0208333333333335,0.0,0.0
27.742090396254,95.354706187795,0.0013679890560875513,1.0,1.0,3.0347222222222223,0.0,0.0
27.742090396254,97.590176806574,0.0013679890560875513,1.0,1.0,3.0104166666666665,0.0,0.0
27.742090396254,99.825647425354,0.0013679890560875513,1.0,1.0,3.0277777777777777,0.0,0.0
27.742090396254,102.061118044133,0.0013679890560875513,1.0,1.0,3.0416666666666665,0.0,0.0
27.742090396254,104.296588662913,0.0013679890560875513,1.0,1.0,3.0069444444444446,0.0,0.0
27.742090396254,106.532059281692,0.0013679890560875513,1.0,1.0,3.0243055555555554,0.0,0.0
27.742090396254,108.767529900472,0.0013679890560875513,1.0,1.0,3.017361111111111,0.0,0.0
27.742090396254,111.003000519251,0.0013679890560875513,1.0,1.0,3.0416666666666665,0.0,0.0
27.742090396254,113.238471138031,0.0013679890560875513,1.0,1.0,3.0208333333333335,0.0,0.0
27.742090396254,115.47394175681,0.0013679890560875513,1.0,1.0,3.03125,0.0,0.0
27.742090396254,117.70941237559,0.0013679890560875513,1.0,1.0,3.0347222222222223,0.0,0.0
27.742090396254,119.944882994369,0.0013679890560875513,1.0,1.0,3.013888888888889,0.0,0.0
27.742090396254,122.180353613149,0.0013679890560875513,1.0,1.0,3.017361111111111,0.0,0.0
27.742090396254,124.415824231928,0.0013679890560875513,1.0,1.0,3.017361111111111,0.0,0.0
27.742090396254,126.651294850708,0.0013679890560875513,1.0,1.0,3.03125,0.0,0.0
27.742090396254,128.886765469487,0.0013679890560875513,1.0,1.0,3.0,0.0,0.0
27.742090396254,131.122236088267,0.0013679890560875513,1.0,1.0,3.0381944444444446,0.0,0.0
27.742090396254,133.357706707046,0.0013679890560875513,1.0,1.0,3.0243055555555554,0.0,0.0
27.742090396254,135.0,0.0013679890560875513,1.0,1.0,3.0347222222222223,0.0,0.0
29.720597929276,73.0,0.0013679890560875513,1.0,1.0,3.1666666666666665,0.0,0.0
29.720597929276,75.278196699467,0.0013679890560875513,1.0,1.0,3.1215277777777777,0.0,0.0
29.720597929276,77.556393398934,0.0013679890560875513,1.0,1.0,3.138888888888889,0.0,0.0
29.720597929276,79.834590098401,0.0013679890560875513,1.0,1.0,3.1597222222222223,0.0,0.0
29.720597929276,82.112786797868,0.0013679890560875513,1.0,1.0,3.142361111111111,0.0,0.0
29.720597929276,84.390983497335,0.0013679890560875513,1.0,1.0,3.1527777777777777,0.0,0.0
29.720597929276,86.669180196803,0.0013679890560875513,1.0,1.0,3.170138888888889,0.0,0.0
29.720597929276,88.94737689627,0.0013679890560875513,1.0,1.0,3.1666666666666665,0.0,0.0
29.720597929276,91.225573595737,0.0013679890560875513,1.0,1.0,3.1458333333333335,0.0,0.0
29.720597929276,93.503770295204,0.0013679890560875513,1.0,1.0,3.142361111111111,0.0,0.0
29.720597929276,95.781966994671,0.0013679890560875513,1.0,1.0,3.1354166666666665,0.0,0.0
29.720597929276,98.060163694138,0.0013679890560875513,1.0,1.0,3.1145833333333335,0.0,0.0
29.720597929276,100.338360393605,0.0013679890560875513,1.0,1.0,3.1597222222222223,0.0,0.0
29.720597929276,102.616557093072,0.0013679890560875513,1.0,1.0,3.1527777777777777,0.0,0.0
29.720597929276,104.894753792539,0.0013679890560875513,1.0,1.0,3.170138888888889,0.0,0.0
29.720597929276,107.172950492006,0.0013679890560875513,1.0,1.0,3.1666666666666665,0.0,0.0
29.720597929276,109.451147191473,0.0013679890560875513,1.0,1.0,3.15625,0.0,0.0
29.720597929276,111.72934389094,0.0013679890560875513,1.0,1.0,3.1354166666666665,0.0,0.0
29.720597929276,114.007540590408,0.0013679890560875513,1.0,1.0,3.1319444444444446,0.0,0.0
29.720597929276,116.285737289875,0.0013679890560875513,1.0,1.0,3.142361111111111,0.0,0.0
29.720597929276,118.563933989342,0.0013679890560875513,1.0,1.0,3.138888888888889,0.0,0.0
29.720597929276,120.842130688809,0.0013679890560875513,1.0,1.0,3.138888888888889,0.0,0.0
29.720597929276,123.120327388276,0.0013679890560875513,1.0,1.0,3.1631944444444446,0.0,0.0
29.720597929276,125.398524087743,0.0013679890560875513,1.0,1.0,3.1458333333333335,0.0,0.0
29.720597929276,127.67672078721,0.0013679890560875513,1.0,1.0,3.1666666666666665,0.0,0.0
29.720597929276,129.954917486677,0.0013679890560875513,1.0,1.0,3.1458333333333335,0.0,0.0
29.720597929276,132.233114186144,0.0013679890560875513,1.0,1.0,3.15625,0.0,0.0
29.720597929276,134.511310885611,0.0013679890560875513,1.0,1.0,3.15625,0.0,0.0
29.720597929276,135.0,0.0013679890560875513,1.0,1.0,3.1631944444444446,0.0,0.0
31.699105462297,73.0,0.0013679890560875513,1.0,1.0,3.298611111111111,0.0,0.0
31.699105462297,75.325414458817,0.0013679890560875513,1.0,1.0,3.3055555555555554,0.0,0.0
31.699105462297,77.650828917635,0.0013679890560875513,1.0,1.0,3.295138888888889,0.0,0.0
31.699105462297,79.976243376452,0.0013679890560875513,1.0,1.0,3.3020833333333335,0.0,0.0
31.699105462297,82.30165783527,0.0013679890560875513,1.0,1.0,3.3125,0.0,0.0
31.699105462297,84.627072294087,0.0013679890560875513,1.0,1.0,3.28125,0.0,0.0
31.699105462297,86.952486752905,0.0013679890560875513,1.0,1.0,3.2916666666666665,0.0,0.0
31.699105462297,89.277901211722,0.0013679890560875513,1.0,1.0,3.3125,0.0,0.0
31.699105462297,91.603315670539,0.0013679890560875513,1.0,1.0,3.2847222222222223,0.0,0.0
31.699105462297,93.928730129357,0.0013679890560875513,1.0,1.0,3.3125,0.0,0.0
31.699105462297,96.254144588174,0.0013679890560875513,1.0,1.0,3.3055555555555554,0.0,0.0
31.699105462297,98.579559046992,0.0013679890560875513,1.0,1.0,3.3090277777777777,0.0,0.0
31.699105462297,100.904973505809,0.0013679890560875513,1.0,1.0,3.3090277777777777,0.0,0.0
31.699105462297,103.230387964627,0.0013679890560875513,1.0,1.0,3.326388888888889,0.0,0.0
31.699105462297,105.555802423444,0.0013679890560875513,1.0,1.0,3.263888888888889,0.0,0.0
31.699105462297,107.881216882262,0.0013679890560875513,1.0,1.0,3.3229166666666665,0.0,0.0
31.699105462297,110.206631341079,0.0013679890560875513,1.0,1.0,3.28125,0.0,0.0
31.699105462297,112.532045799896,0.0013679890560875513,1.0,1.0,3.3125,0.0,0.0
31.699105462297,114.857460258714,0.0013679890560875513,1.0,1.0,3.2847222222222223,0.0,0.0
31.699105462297,117.182874717531,0.0013679890560875513,1.0,1.0,3.2881944444444446,0.0,0.0
31.699105462297,119.508289176349,0.0013679890560875513,1.0,1.0,3.298611111111111,0.0,0.0
31.699105462297,121.833703635166,0.0013679890560875513,1.0,1.0,3.326388888888889,0.0,0.0
31.699105462297,124.159118093984,0.0013679890560875513,1.0,1.0,3.2847222222222223,0.0,0.0
31.699105462297,126.484532552801,0.0013679890560875513,1.0,1.0,3.3125,0.0,0.0
31.699105462297,128.809947011618,0.0013679890560875513,1.0,1.0,3.3055555555555554,0.0,0.0
31.699105462297,131.135361470436,0.0013679890560875513,1.0,1.0,3.2881944444444446,0.0,0.0
31.699105462297,133.460775929253,0.0013679890560875513,1.0,1.0,3.3125,0.0,0.0
31.699105462297,135.0,0.0013679890560875513,1.0,1.0,3.298611111111111,0.0,0.0
33.677612995318,73.0,0.0013679890560875513,1.0,1.0,3.451388888888889,0.0,0.0
33.677612995318,75.377525636672,0.0013679890560875513,1.0,1.0,3.4722222222222223,0.0,0.0
33.677612995318,77.755051273345,0.0013679890560875513,1.0,1.0,3.4583333333333335,0.0,0.0
33.677612995318,80.132576910017,0.0013679890560875513,1.0,1.0,3.4756944444444446,0.0,0.0
33.677612995318,82.51010254669,0.0013679890560875513,1.0,1.0,3.4652777777777777,0.0,0.0
33.677612995318,84.887628183362,0.0013679890560875513,1.0,1.0,3.46875,0.0,0.0
33.677612995318,87.265153820034,0.0013679890560875513,1.0,1.0,3.4756944444444446,0.0,0.0
33.677612995318,89.642679456707,0.0013679890560875513,1.0,1.0,3.4895833333333335,0.0,0.0
33.677612995318,92.020205093379,0.0013679890560875513,1.0,1.0,3.4618055555555554,0.0,0.0
33.677612995318,94.397730730052,0.0013679890560875513,1.0,1.0,3.4756944444444446,0.0,0.0
33.677612995318,96.775256366724,0.0013679890560875513,1.0,1.0,3.4930555555555554,0.0,0.0
33.677612995318,99.152782003396,0.0013679890560875513,1.0,1.0,3.451388888888889,0.0,0.0
33.677612995318,101.530307640069,0.0013679890560875513,1.0,1.0,3.5069444444444446,0.0,0.0
33.677612995318,103.907833276741,0.0013679890560875513,1.0,1.0,3.4756944444444446,0.0,0.0
33.677612995318,106.285358913414,0.0013679890560875513,1.0,1.0,3.5034722222222223,0.0,0.0
33.677612995318,108.662884550086,0.0013679890560875513,1.0,1.0,3.4930555555555554,0.0,0.0
33.677612995318,111.040410186758,0.0013679890560875513,1.0,1.0,3.4722222222222223,0.0,0.0
33.677612995318,113.417935823431,0.0013679890560875513,1.0,1.0,3.486111111111111,0.0,0.0
33.677612995318,115.795461460103,0.0013679890560875513,1.0,1.0,3.4791666666666665,0.0,0.0
33.677612995318,118.172987096776,0.0013679890560875513,1.0,1.0,3.4791666666666665,0.0,0.0
33.677612995318,120.550512733448,0.0013679890560875513,1.0,1.0,3.482638888888889,0.0,0.0
33.677612995318,122.92803837012,0.0013679890560875513,1.0,1.0,3.4930555555555554,0.0,0.0
33.677612995318,125.305564006793,0.0013679890560875513,1.0,1.0,3.4791666666666665,0.0,0.0
33.677612995318,127.683089643465,0.0013679890560875513,1.0,1.0,3.5,0.0,0.0
33.677612995318,130.060615280138,0.0013679890560875513,1.0,1.0,3.4930555555555554,0.0,0.0
33.677612995318,132.43814091681,0.0013679890560875513,1.0,1.0,3.486111111111111,0.0,0.0
33.677612995318,134.815666553482,0.0013679890560875513,1.0,1.0,3.5034722222222223,0.0,0.0
33.677612995318,135.0,0.0013679890560875513,1.0,1.0,3.4583333333333335,0.0,0.0
35.656120528339,73.0,0.0013679890560875513,1.0,1.0,3.71875,0.0,0.0
35.656120528339,75.434995721636,0.0013679890560875513,1.0,1.0,3.7256944444444446,0.0,0.0
35.656120528339,77.869991443273,0.0013679890560875513,1.0,1.0,3.7256944444444446,0.0,0.0
35.656120528339,80.304987164909,0.0013679890560875513,1.0,1.0,3.6944444444444446,0.0,0.0
35.656120528339,82.739982886545,0.0013679890560875513,1.0,1.0,3.7118055555555554,0.0,0.0
35.656120528339,85.174978608182,0.0013679890560875513,1.0,1.0,3.71875,0.0,0.0
35.656120528339,87.609974329818,0.0013679890560875513,1.0,1.0,3.7152777777777777,0.0,0.0
35.656120528339,90.044970051454,0.0013679890560875513,1.0,1.0,3.7152777777777777,0.0,0.0
35.656120528339,92.47996577309,0.0013679890560875513,1.0,1.0,3.7083333333333335,0.0,0.0
35.656120528339,94.914961494727,0.0013679890560875513,1.0,1.0,3.6979166666666665,0.0,0.0
35.656120528339,97.349957216363,0.0013679890560875513,1.0,1.0,3.7118055555555554,0.0,0.0
35.656120528339,99.784952937999,0.0013679890560875513,1.0,1.0,3.71875,0.0,0.0
35.656120528339,102.219948659636,0.0013679890560875513,1.0,1.0,3.701388888888889,0.0,0.0
35.656120528339,104.654944381272,0.0013679890560875513,1.0,1.0,3.6944444444444446,0.0,0.0
35.656120528339,107.089940102908,0.0013679890560875513,1.0,1.0,3.704861111111111,0.0,0.0
35.656120528339,109.524935824545,0.0013679890560875513,1.0,1.0,3.6875,0.0,0.0
35.656120528339,111.959931546181,0.0013679890560875513,1.0,1.0,3.6597222222222223,0.0,0.0
35.656120528339,114.394927267817,0.0013679890560875513,1.0,1.0,3.704861111111111,0.0,0.0
35.656120528339,116.829922989454,0.0013679890560875513,1.0,1.0,3.6770833333333335,0.0,0.0
35.656120528339,119.26491871109,0.0013679890560875513,1.0,1.0,3.670138888888889,0.0,0.0
35.656120528339,121.699914432726,0.0013679890560875513,1.0,1.0,3.701388888888889,0.0,0.0
35.656120528339,124.134910154363,0.0013679890560875513,1.0,1.0,3.6909722222222223,0.0,0.0
35.656120528339,126.569905875999,0.0013679890560875513,1.0,1.0,3.6909722222222223,0.0,0.0
35.656120528339,129.004901597635,0.0013679890560875513,1.0,1.0,3.6909722222222223,0.0,0.0
35.656120528339,131.439897319272,0.0013679890560875513,1.0,1.0,3.704861111111111,0.0,0.0
35.656120528339,133.874893040908,0.0013679890560875513,1.0,1.0,3.6979166666666665,0.0,0.0
35.656120528339,135.0,0.0013679890560875513,1.0,1.0,3.6944444444444446,0.0,0.0
37.634628061361,73.0,0.0013679890560875513,1.0,1.0,4.003472222222222,0.0,0.0
37.634628061361,75.498365588368,0.0013679890560875513,1.0,1.0,3.9722222222222223,0.0,0.0
37.634628061361,77.996731176736,0.0013679890560875513,1.0,1.0,3.9583333333333335,0.0,0.0
37.634628061361,80.495096765104,0.0013679890560875513,1.0,1.0,3.9965277777777777,0.0,0.0
37.634628061361,82.993462353472,0.0013679890560875513,1.0,1.0,3.954861111111111,0.0,0.0
37.634628061361,85.491827941839,0.0013679890560875513,1.0,1.0,3.982638888888889,0.0,0.0
37.634628061361,87.990193530207,0.0013679890560875513,1.0,1.0,3.986111111111111,0.0,0.0
37.634628061361,90.488559118575,0.0013679890560875513,1.0,1.0,3.9895833333333335,0.0,0.0
37.634628061361,92.986924706943,0.0013679890560875513,1.0,1.0,3.986111111111111,0.0,0.0
37.634628061361,95.485290295311,0.0013679890560875513,1.0,1.0,3.9791666666666665,0.0,0.0
37.634628061361,97.983655883679,0.0013679890560875513,1.0,1.0,3.9930555555555554,0.0,0.0
37.634628061361,100.482021472047,0.0013679890560875513,1.0,1.0,3.9722222222222223,0.0,0.0
37.634628061361,102.980387060415,0.0013679890560875513,1.0,1.0,3.9652777777777777,0.0,0.0
37.634628061361,105.478752648783,0.0013679890560875513,1.0,1.0,3.982638888888889,0.0,0.0
37.634628061361,107.97711823715,0.0013679890560875513,1.0,1.0,3.96875,0.0,0.0
37.634628061361,110.475483825518,0.0013679890560875513,1.0,1.0,3.9895833333333335,0.0,0.0
37.634628061361,112.973849413886,0.0013679890560875513,1.0,1.0,3.986111111111111,0.0,0.0
37.634628061361,115.472215002254,0.0013679890560875513,1.0,1.0,3.982638888888889,0.0,0.0
37.634628061361,117.970580590622,0.0013679890560875513,1.0,1.0,3.9930555555555554,0.0,0.0
37.634628061361,120.46894617899,0.0013679890560875513,1.0,1.0,3.9722222222222223,0.0,0.0
37.634628061361,122.967311767358,0.0013679890560875513,1.0,1.0,3.9930555555555554,0.0,0.0
37.634628061361,125.465677355726,0.0013679890560875513,1.0,1.0,3.982638888888889,0.0,0.0
37.634628061361,127.964042944094,0.0013679890560875513,1.0,1.0,3.9930555555555554,0.0,0.0
37.634628061361,130.462408532461,0.0013679890560875513,1.0,1.0,4.0,0.0,0.0
37.634628061361,132.960774120829,0.0013679890560875513,1.0,1.0,3.96875,0.0,0.0
37.634628061361,135.0,0.0013679890560875513,1.0,1.0,3.9895833333333335,0.0,0.0
39.613135594382,73.0,0.0013679890560875513,1.0,1.0,4.357638888888889,0.0,0.0
39.613135594382,75.568265916521,0.0013679890560875513,1.0,1.0,4.34375,0.0,0.0
39.613135594382,78.136531833042,0.0013679890560875513,1.0,1.0,4.329861111111111,0.0,0.0
39.613135594382,80.704797749563,0.0013679890560875513,1.0,1.0,4.333333333333333,0.0,0.0
39.613135594382,83.273063666084,0.0013679890560875513,1.0,1.0,4.336805555555555,0.0,0.0
39.613135594382,85.841329582605,0.0013679890560875513,1.0,1.0,4.357638888888889,0.0,0.0
39.613135594382,88.409595499125,0.0013679890560875513,1.0,1.0,4.364583333333333,0.0,0.0
39.613135594382,90.977861415646,0.0013679890560875513,1.0,1.0,4.364583333333333,0.0,0.0
39.613135594382,93.546127332167,0.0013679890560875513,1.0,1.0,4.354166666666667,0.0,0.0
39.613135594382,96.114393248688,0.0013679890560875513,1.0,1.0,4.354166666666667,0.0,0.0
39.613135594382,98.682659165209,0.0013679890560875513,1.0,1.0,4.354166666666667,0.0,0.0
39.613135594382,101.25092508173,0.0013679890560875513,1.0,1.0,4.34375,0.0,0.0
39.613135594382,103.819190998251,0.0013679890560875513,1.0,1.0,4.336805555555555,0.0,0.0
39.613135594382,106.387456914772,0.0013679890560875513,1.0,1.0,4.357638888888889,0.0,0.0
39.613135594382,108.955722831293,0.0013679890560875513,1.0,1.0,4.378472222222222,0.0,0.0
39.613135594382,111.523988747814,0.0013679890560875513,1.0,1.0,4.34375,0.0,0.0
39.613135594382,114.092254664335,0.0013679890560875513,1.0,1.0,4.357638888888889,0.0,0.0
39.613135594382,116.660520580856,0.0013679890560875513,1.0,1.0,4.34375,0.0,0.0
39.613135594382,119.228786497376,0.0013679890560875513,1.0,1.0,4.326388888888889,0.0,0.0
39.613135594382,121.797052413897,0.0013679890560875513,1.0,1.0,4.350694444444445,0.0,0.0
39.613135594382,124.365318330418,0.0013679890560875513,1.0,1.0,4.361111111111111,0.0,0.0
39.613135594382,126.933584246939,0.0013679890560875513,1.0,1.0,4.375,0.0,0.0
39.613135594382,129.50185016346,0.0013679890560875513,1.0,1.0,4.395833333333333,0.0,0.0
39.613135594382,132.070116079981,0.0013679890560875513,1.0,1.0,4.336805555555555,0.0,0.0
39.613135594382,134.638381996502,0.0013679890560875513,1.0,1.0,4.340277777777778,0.0,0.0
39.613135594382,135.0,0.0013679890560875513,1.0,1.0,4.340277777777778,0.0,0.0
41.591643127403,73.0,0.0013679890560875513,1.0,1.0,4.857638888888889,0.0,0.0
41.591643127403,75.645435182848,0.0013679890560875513,1.0,1.0,4.861111111111111,0.0,0.0
41.591643127403,78.290870365696,0.0013679890560875513,1.0,1.0,4.850694444444445,0.0,0.0
41.591643127403,80.936305548544,0.0013679890560875513,1.0,1.0,4.857638888888889,0.0,0.0
41.591643127403,83.581740731392,0.0013679890560875513,1.0,1.0,4.875,0.0,0.0
41.591643127403,86.22717591424,0.0013679890560875513,1.0,1.0,4.840277777777778,0.0,0.0
41.591643127403,88.872611097088,0.0013679890560875513,1.0,1.0,4.864583333333333,0.0,0.0
41.591643127403,91.518046279935,0.0013679890560875513,1.0,1.0,4.850694444444445,0.0,0.0
41.591643127403,94.163481462783,0.0013679890560875513,1.0,1.0,4.847222222222222,0.0,0.0
41.591643127403,96.808916645631,0.0013679890560875513,1.0,1.0,4.871527777777778,0.0,0.0
41.591643127403,99.454351828479,0.0013679890560875513,1.0,1.0,4.871527777777778,0.0,0.0
41.591643127403,102.099787011327,0.0013679890560875513,1.0,1.0,4.854166666666667,0.0,0.0
41.591643127403,104.745222194175,0.0013679890560875513,1.0,1.0,4.861111111111111,0.0,0.0
41.591643127403,107.390657377023,0.0013679890560875513,1.0,1.0,4.861111111111111,0.0,0.0
41.591643127403,110.036092559871,0.0013679890560875513,1.0,1.0,4.829861111111111,0.0,0.0
41.591643127403,112.681527742719,0.0013679890560875513,1.0,1.0,4.850694444444445,0.0,0.0
41.591643127403,115.326962925567,0.0013679890560875513,1.0,1.0,4.864583333333333,0.0,0.0
41.591643127403,117.972398108415,0.0013679890560875513,1.0,1.0,4.84375,0.0,0.0
41.591643127403,120.617833291263,0.0013679890560875513,1.0,1.0,4.878472222222222,0.0,0.0
41.591643127403,123.26326847411,0.0013679890560875513,1.0,1.0,4.84375,0.0,0.0
41.591643127403,125.908703656958,0.0013679890560875513,1.0,1.0,4.857638888888889,0.0,0.0
41.591643127403,128.554138839806,0.0013679890560875513,1.0,1.0,4.861111111111111,0.0,0.0
41.591643127403,131.199574022654,0.0013679890560875513,1.0,1.0,4.878472222222222,0.0,0.0
41.591643127403,133.845009205502,0.0013679890560875513,1.0,1.0,4.864583333333333,0.0,0.0
41.591643127403,135.0,0.0013679890560875513,1.0,1.0,4.892361111111111,0.0,0.0
43.570150660424,73.0,0.0013679890560875513,1.0,1.0,5.645833333333333,0.0,0.0
43.570150660424,75.730742288348,0.0013679890560875513,1.0,1.0,5.663194444444445,0.0,0.0
43.570150660424,78.461484576696,0.0013679890560875513,1.0,1.0,5.649305555555555,0.0,0.0
43.570150660424,81.192226865044,0.0013679890560875513,1.0,1.0,5.673611111111111,0.0,0.0
43.570150660424,83.922969153392,0.0013679890560875513,1.0,1.0,5.642361111111111,0.0,0.0
43.570150660424,86.65371144174,0.0013679890560875513,1.0,1.0,5.618055555555555,0.0,0.0
43.570150660424,89.384453730088,0.0013679890560875513,1.0,1.0,5.638888888888889,0.0,0.0
43.570150660424,92.115196018436,0.0013679890560875513,1.0,1.0,5.631944444444445,0.0,0.0
43.570150660424,94.845938306784,0.0013679890560875513,1.0,1.0,5.670138888888889,0.0,0.0
43.570150660424,97.576680595132,0.0013679890560875513,1.0,1.0,5.642361111111111,0.0,0.0
43.570150660424,100.30742288348,0.0013679890560875513,1.0,1.0,5.659722222222222,0.0,0.0
43.570150660424,103.038165171828,0.0013679890560875513,1.0,1.0,5.663194444444445,0.0,0.0
43.570150660424,105.768907460176,0.0013679890560875513,1.0,1.0,5.635416666666667,0.0,0.0
43.570150660424,108.499649748524,0.0013679890560875513,1.0,1.0,5.631944444444445,0.0,0.0
43.570150660424,111.230392036872,0.0013679890560875513,1.0,1.0,5.618055555555555,0.0,0.0
43.570150660424,113.96113432522,0.0013679890560875513,1.0,1.0,5.666666666666667,0.0,0.0
43.570150660424,116.691876613568,0.0013679890560875513,1.0,1.0,5.645833333333333,0.0,0.0
43.570150660424,119.422618901915,0.0013679890560875513,1.0,1.0,5.684027777777778,0.0,0.0
43.570150660424,122.153361190263,0.0013679890560875513,1.0,1.0,5.65625,0.0,0.0
43.570150660424,124.884103478611,0.0013679890560875513,1.0,1.0,5.631944444444445,0.0,0.0
43.570150660424,127.614845766959,0.0013679890560875513,1.0,1.0,5.635416666666667,0.0,0.0
43.570150660424,130.345588055307,0.0013679890560875513,1.0,1.0,5.621527777777778,0.0,0.0
43.570150660424,133.076330343655,0.0013679890560875513,1.0,1.0,5.673611111111111,0.0,0.0
43.570150660424,135.0,0.0013679890560875513,1.0,1.0,5.635416666666667,0.0,0.0
45.548658193445,73.0,0.0013679890560875513,1.0,1.0,7.295138888888889,0.0,0.0
45.548658193445,75.82521526094,0.0013679890560875513,1.0,1.0,7.319444444444445,0.0,0.0
45.548658193445,78.65043052188,0.0013679890560875513,1.0,1.0,7.302083333333333,0.0,0.0
45.548658193445,81.47564578282,0.0013679890560875513,1.0,1.0,7.3125,0.0,0.0
45.548658193445,84.30086104376,0.0013679890560875513,1.0,1.0,7.315972222222222,0.0,0.0
45.548658193445,87.1260763047,0.0013679890560875513,1.0,1.0,7.305555555555555,0.0,0.0
45.548658193445,89.95129156564,0.0013679890560875513,1.0,1.0,7.326388888888889,0.0,0.0
45.548658193445,92.77650682658,0.0013679890560875513,1.0,1.0,7.322916666666667,0.0,0.0
45.548658193445,95.60172208752,0.0013679890560875513,1.0,1.0,7.309027777777778,0.0,0.0
45.548658193445,98.42693734846,0.0013679890560875513,1.0,1.0,7.309027777777778,0.0,0.0
45.548658193445,101.2521526094,0.0013679890560875513,1.0,1.0,7.319444444444445,0.0,0.0
45.548658193445,104.07736787034,0.0013679890560875513,1.0,1.0,7.291666666666667,0.0,0.0
45.548658193445,106.90258313128,0.0013679890560875513,1.0,1.0,7.336805555555555,0.0,0.0
45.548658193445,109.72779839222,0.0013679890560875513,1.0,1.0,7.28125,0.0,0.0
45.548658193445,112.55301365316,0.0013679890560875513,1.0,1.0,7.378472222222222,0.0,0.0
45.548658193445,115.3782289141,0.0013679890560875513,1.0,1.0,7.298611111111111,0.0,0.0
45.548658193445,118.20344417504,0.0013679890560875513,1.0,1.0,7.322916666666667,0.0,0.0
45.548658193445,121.028659435979,0.0013679890560875513,1.0,1.0,7.336805555555555,0.0,0.0
45.548658193445,123.853874696919,0.0013679890560875513,1.0,1.0,7.284722222222222,0.0,0.0
45.548658193445,126.679089957859,0.0013679890560875513,1.0,1.0,7.34375,0.0,0.0
45.548658193445,129.504305218799,0.0013679890560875513,1.0,1.0,7.284722222222222,0.0,0.0
45.548658193445,132.329520479739,0.0013679890560875513,1.0,1.0,7.340277777777778,0.0,0.0
45.548658193445,135.0,0.0013679890560875513,1.0,1.0,7.288194444444445,0.0,0.0
47.527165726467,73.0,0.0013679890560875513,1.0,1.0,9.13888888888889,0.0,0.0
47.527165726467,75.930078011402,0.0013679890560875513,1.0,1.0,9.13888888888889,0.0,0.0
47.527165726467,78.860156022805,0.0013679890560875513,1.0,1.0,9.128472222222221,0.0,0.0
47.527165726467,81.790234034207,0.0013679890560875513,1.0,1.0,9.14236111111111,0.0,0.0
47.527165726467,84.72031204561,0.0013679890560875513,1.0,1.0,9.118055555555555,0.0,0.0
47.527165726467,87.650390057012,0.0013679890560875513,1.0,1.0,9.100694444444445,0.0,0.0
47.527165726467,90.580468068415,0.0013679890560875513,1.0,1.0,9.145833333333334,0.0,0.0
47.527165726467,93.510546079817,0.0013679890560875513,1.0,1.0,9.128472222222221,0.0,0.0
47.527165726467,96.44062409122,0.0013679890560875513,1.0,1.0,9.14236111111111,0.0,0.0
47.527165726467,99.370702102622,0.0013679890560875513,1.0,1.0,9.14236111111111,0.0,0.0
47.527165726467,102.300780114025,0.0013679890560875513,1.0,1.0,9.13888888888889,0.0,0.0
47.527165726467,105.230858125427,0.0013679890560875513,1.0,1.0,9.13888888888889,0.0,0.0
47.527165726467,108.160936136829,0.0013679890560875513,1.0,1.0,9.121527777777779,0.0,0.0
47.527165726467,111.091014148232,0.0013679890560875513,1.0,1.0,9.13888888888889,0.0,0.0
47.527165726467,114.021092159634,0.0013679890560875513,1.0,1.0,9.131944444444445,0.0,0.0
47.527165726467,116.951170171037,0.0013679890560875513,1.0,1.0,9.125,0.0,0.0
47.527165726467,119.881248182439,0.0013679890560875513,1.0,1.0,9.131944444444445,0.0,0.0
47.527165726467,122.811326193842,0.0013679890560875513,1.0,1.0,9.114583333333334,0.0,0.0
47.527165726467,125.741404205244,0.0013679890560875513,1.0,1.0,9.118055555555555,0.0,0.0
47.527165726467,128.671482216647,0.0013679890560875513,1.0,1.0,9.149305555555555,0.0,0.0
47.527165726467,131.601560228049,0.0013679890560875513,1.0,1.0,9.114583333333334,0.0,0.0
47.527165726467,134.531638239452,0.0013679890560875513,1.0,1.0,9.118055555555555,0.0,0.0
47.527165726467,135.0,0.0013679890560875513,1.0,1.0,9.125,0.0,0.0
49.505673259488,73.0,0.0013679890560875513,1.0,1.0,8.194444444444445,0.0,0.0
49.505673259488,76.04679789377,0.0013679890560875513,1.0,1.0,8.211805555555555,0.0,0.0
49.505673259488,79.093595787541,0.0013679890560875513,1.0,1.0,8.225694444444445,0.0,0.0
49.505673259488,82.140393681311,0.0013679890560875513,1.0,1.0,8.20486111111111,0.0,0.0
49.505673259488,85.187191575082,0.0013679890560875513,1.0,1.0,8.23263888888889,0.0,0.0
49.505673259488,88.233989468852,0.0013679890560875513,1.0,1.0,8.20138888888889,0.0,0.0
49.505673259488,91.280787362623,0.0013679890560875513,1.0,1.0,8.211805555555555,0.0,0.0
49.505673259488,94.327585256393,0.0013679890560875513,1.0,1.0,8.222222222222221,0.0,0.0
49.505673259488,97.374383150164,0.0013679890560875513,1.0,1.0,8.21875,0.0,0.0
49.505673259488,100.421181043934,0.0013679890560875513,1.0,1.0,8.211805555555555,0.0,0.0
49.505673259488,103.467978937704,0.0013679890560875513,1.0,1.0,8.246527777777779,0.0,0.0
49.505673259488,106.514776831475,0.0013679890560875513,1.0,1.0,8.211805555555555,0.0,0.0
49.505673259488,109.561574725245,0.0013679890560875513,1.0,1.0,8.229166666666666,0.0,0.0
49.505673259488,112.608372619016,0.0013679890560875513,1.0,1.0,8.222222222222221,0.0,0.0
49.505673259488,115.655170512786,0.0013679890560875513,1.0,1.0,8.215277777777779,0.0,0.0
49.505673259488,118.701968406557,0.0013679890560875513,1.0,1.0,8.20486111111111,0.0,0.0
49.505673259488,121.748766300327,0.0013679890560875513,1.0,1.0,8.208333333333334,0.0,0.0
49.505673259488,124.795564194098,0.0013679890560875513,1.0,1.0,8.1875,0.0,0.0
49.505673259488,127.842362087868,0.0013679890560875513,1.0,1.0,8.197916666666666,0.0,0.0
49.505673259488,130.889159981638,0.0013679890560875513,1.0,1.0,8.211805555555555,0.0,0.0
49.505673259488,133.935957875409,0.0013679890560875513,1.0,1.0,8.20486111111111,0.0,0.0
49.505673259488,135.0,0.0013679890560875513,1.0,1.0,8.225694444444445,0.0,0.0
51.484180792509,73.0,0.0013679890560875513,1.0,1.0,6.041666666666667,0.0,0.0
51.484180792509,76.177147952358,0.0013679890560875513,1.0,1.0,6.059027777777778,0.0,0.0
51.484180792509,79.354295904717,0.0013679890560875513,1.0,1.0,6.017361111111111,0.0,0.0
51.484180792509,82.531443857075,0.0013679890560875513,1.0,1.0,6.034722222222222,0.0,0.0
51.484180792509,85.708591809433,0.0013679890560875513,1.0,1.0,6.045138888888889,0.0,0.0
51.484180792509,88.885739761791,0.0013679890560875513,1.0,1.0,6.020833333333333,0.0,0.0
51.484180792509,92.06288771415,0.0013679890560875513,1.0,1.0,6.045138888888889,0.0,0.0
51.484180792509,95.240035666508,0.0013679890560875513,1.0,1.0,6.048611111111111,0.0,0.0
51.484180792509,98.417183618866,0.0013679890560875513,1.0,1.0,6.03125,0.0,0.0
51.484180792509,101.594331571224,0.0013679890560875513,1.0,1.0,6.052083333333333,0.0,0.0
51.484180792509,104.771479523583,0.0013679890560875513,1.0,1.0,6.034722222222222,0.0,0.0
51.484180792509,107.948627475941,0.0013679890560875513,1.0,1.0,6.024305555555555,0.0,0.0
51.484180792509,111.125775428299,0.0013679890560875513,1.0,1.0,6.055555555555555,0.0,0.0
51.484180792509,114.302923380657,0.0013679890560875513,1.0,1.0,6.038194444444445,0.0,0.0
51.484180792509,117.480071333016,0.0013679890560875513,1.0,1.0,6.027777777777778,0.0,0.0
51.484180792509,120.657219285374,0.0013679890560875513,1.0,1.0,6.052083333333333,0.0,0.0
51.484180792509,123.834367237732,0.0013679890560875513,1.0,1.0,6.024305555555555,0.0,0.0
51.484180792509,127.011515190091,0.0013679890560875513,1.0,1.0,6.034722222222222,0.0,0.0
51.484180792509,130.188663142449,0.0013679890560875513,1.0,1.0,6.038194444444445,0.0,0.0
51.484180792509,133.365811094807,0.0013679890560875513,1.0,1.0,6.048611111111111,0.0,0.0
51.484180792509,135.0,0.0013679890560875513,1.0,1.0,6.041666666666667,0.0,0.0
53.0,73.0,0.0013679890560875513,1.0,1.0,3.6666666666666665,0.0,0.0
53.0,76.287567536381,0.0013679890560875513,1.0,1.0,3.673611111111111,0.0,0.0
53.0,79.575135072763,0.0013679890560875513,1.0,1.0,3.6805555555555554,0.0,0.0
53.0,82.862702609144,0.0013679890560875513,1.0,1.0,3.6805555555555554,0.0,0.0
53.0,86.150270145525,0.0013679890560875513,1.0,1.0,3.6597222222222223,0.0,0.0
53.0,89.437837681906,0.0013679890560875513,1.0,1.0,3.6805555555555554,0.0,0.0
53.0,92.725405218288,0.0013679890560875513,1.0,1.0,3.6805555555555554,0.0,0.0
53.0,96.012972754669,0.0013679890560875513,1.0,1.0,3.65625,0.0,0.0
53.0,99.30054029105,0.0013679890560875513,1.0,1.0,3.6770833333333335,0.0,0.0
53.0,102.588107827431,0.0013679890560875513,1.0,1.0,3.6840277777777777,0.0,0.0
53.0,105.875675363813,0.0013679890560875513,1.0,1.0,3.6631944444444446,0.0,0.0
53.0,109.163242900194,0.0013679890560875513,1.0,1.0,3.6770833333333335,0.0,0.0
53.0,112.450810436575,0.0013679890560875513,1.0,1.0,3.6805555555555554,0.0,0.0
53.0,115.738377972956,0.0013679890560875513,1.0,1.0,3.6805555555555554,0.0,0.0
53.0,119.025945509338,0.0013679890560875513,1.0,1.0,3.65625,0.0,0.0
53.0,122.313513045719,0.0013679890560875513,1.0,1.0,3.6840277777777777,0.0,0.0
53.0,125.6010805821,0.0013679890560875513,1.0,1.0,3.6597222222222223,0.0,0.0
53.0,128.888648118481,0.0013679890560875513,1.0,1.0,3.6493055555555554,0.0,0.0
53.0,132.176215654863,0.0013679890560875513,1.0,1.0,3.673611111111111,0.0,0.0
53.0,135.0,0.0013679890560875513,1.0,1.0,3.6666666666666665,0.0,0.0
